timestamp, name, utilization.gpu [%], utilization.memory [%], memory.used [MiB], memory.total [MiB], temperature.gpu, power.draw [W], power.limit [W], clocks.current.sm [MHz], clocks.current.memory [MHz], pstate, clocks_event_reasons.sw_power_cap, clocks_event_reasons.sw_thermal_slowdown, clocks_event_reasons.hw_thermal_slowdown
2026/09/24 10:56:28.050, NVIDIA GeForce RTX 5070 Ti Laptop GPU, 0, 0, 0, 12227, 53, 10.59, [N/A], 285, 405, P8, Not Active, Not Active, Not Active
2026/09/24 10:56:29.058, NVIDIA GeForce RTX 5070 Ti Laptop GPU, 7, 0, 10935, 12227, 54, 21.27, [N/A], 1882, 11001, P2, Not Active, Not Active, Not Active
2026/09/24 10:56:30.072, NVIDIA GeForce RTX 5070 Ti Laptop GPU, 6, 0, 10935, 12227, 54, 23.36, [N/A], 1852, 11001, P2, Not Active, Not Active, Not Active
2026/09/24 10:56:31.086, NVIDIA GeForce RTX 5070 Ti Laptop GPU, 32, 3, 10935, 12227, 54, 26.48, [N/A], 1440, 810, P5, Not Active, Not Active, Not Active
2026/09/24 10:56:32.097, NVIDIA GeForce RTX 5070 Ti Laptop GPU, 33, 4, 10935, 12227, 54, 26.19, [N/A], 1440, 810, P5, Not Active, Not Active, Not Active
2026/09/24 10:56:33.110, NVIDIA GeForce RTX 5070 Ti Laptop GPU, 100, 33, 10935, 12227, 67, 79.64, [N/A], 2760, 9001, P4, Active, Not Active, Not Active
2026/09/24 10:56:34.121, NVIDIA GeForce RTX 5070 Ti Laptop GPU, 100, 34, 10935, 12227, 68, 119.86, [N/A], 2677, 9001, P4, Active, Not Active, Not Active
2026/09/24 10:56:35.133, NVIDIA GeForce RTX 5070 Ti Laptop GPU, 100, 34, 10935, 12227, 68, 121.70, [N/A], 2662, 9001, P4, Active, Not Active, Not Active
2026/09/24 10:56:36.149, NVIDIA GeForce RTX 5070 Ti Laptop GPU, 100, 33, 10935, 12227, 68, 119.64, [N/A], 2647, 9001, P4, Active, Not Active, Not Active
2026/09/24 10:56:37.158, NVIDIA GeForce RTX 5070 Ti Laptop GPU, 100, 32, 10935, 12227, 68, 120.89, [N/A], 2632, 9001, P4, Active, Not Active, Not Active
2026/09/24 10:56:38.173, NVIDIA GeForce RTX 5070 Ti Laptop GPU, 100, 32, 10935, 12227, 68, 119.61, [N/A], 2625, 9001, P4, Active, Not Active, Not Active
2026/09/24 10:56:39.182, NVIDIA GeForce RTX 5070 Ti Laptop GPU, 100, 32, 10935, 12227, 68, 120.26, [N/A], 2617, 9001, P4, Active, Not Active, Not Active
2026/09/24 10:56:40.192, NVIDIA GeForce RTX 5070 Ti Laptop GPU, 100, 32, 10935, 12227, 68, 120.09, [N/A], 2610, 9001, P4, Active, Not Active, Not Active
2026/09/24 10:56:41.201, NVIDIA GeForce RTX 5070 Ti Laptop GPU, 100, 32, 10935, 12227, 69, 120.00, [N/A], 2602, 9001, P4, Active, Not Active, Not Active
2026/09/24 10:56:42.211, NVIDIA GeForce RTX 5070 Ti Laptop GPU, 100, 32, 10935, 12227, 69, 119.62, [N/A], 2595, 9001, P4, Active, Not Active, Not Active
2026/09/24 10:56:43.218, NVIDIA GeForce RTX 5070 Ti Laptop GPU, 100, 31, 10935, 12227, 69, 119.63, [N/A], 2595, 9001, P4, Active, Not Active, Not Active
2026/09/24 10:56:44.234, NVIDIA GeForce RTX 5070 Ti Laptop GPU, 100, 31, 10935, 12227, 69, 119.78, [N/A], 2587, 9001, P4, Active, Not Active, Not Active
2026/09/24 10:56:45.249, NVIDIA GeForce RTX 5070 Ti Laptop GPU, 100, 31, 10935, 12227, 70, 119.74, [N/A], 2580, 9001, P4, Active, Not Active, Not Active
2026/09/24 10:56:46.263, NVIDIA GeForce RTX 5070 Ti Laptop GPU, 100, 32, 10935, 12227, 70, 119.90, [N/A], 2580, 9001, P4, Active, Not Active, Not Active
2026/09/24 10:56:47.278, NVIDIA GeForce RTX 5070 Ti Laptop GPU, 100, 31, 10935, 12227, 70, 119.94, [N/A], 2580, 9001, P4, Active, Not Active, Not Active
2026/09/24 10:56:48.289, NVIDIA GeForce RTX 5070 Ti Laptop GPU, 100, 31, 10935, 12227, 70, 119.83, [N/A], 2580, 9001, P4, Active, Not Active, Not Active
2026/09/24 10:56:49.304, NVIDIA GeForce RTX 5070 Ti Laptop GPU, 100, 31, 10935, 12227, 71, 119.95, [N/A], 2572, 9001, P4, Active, Not Active, Not Active
2026/09/24 10:56:50.317, NVIDIA GeForce RTX 5070 Ti Laptop GPU, 100, 31, 10935, 12227, 71, 119.83, [N/A], 2572, 9001, P4, Active, Not Active, Not Active
2026/09/24 10:56:51.329, NVIDIA GeForce RTX 5070 Ti Laptop GPU, 100, 31, 10935, 12227, 71, 119.89, [N/A], 2572, 9001, P4, Active, Not Active, Not Active
2026/09/24 10:56:52.343, NVIDIA GeForce RTX 5070 Ti Laptop GPU, 100, 31, 10935, 12227, 71, 119.84, [N/A], 2572, 9001, P4, Active, Not Active, Not Active
2026/09/24 10:56:53.347, NVIDIA GeForce RTX 5070 Ti Laptop GPU, 100, 31, 10935, 12227, 71, 119.82, [N/A], 2572, 9001, P4, Active, Not Active, Not Active
2026/09/24 10:56:54.359, NVIDIA GeForce RTX 5070 Ti Laptop GPU, 100, 31, 10935, 12227, 72, 119.76, [N/A], 2572, 9001, P4, Active, Not Active, Not Active
2026/09/24 10:56:55.370, NVIDIA GeForce RTX 5070 Ti Laptop GPU, 100, 31, 10935, 12227, 72, 119.80, [N/A], 2565, 9001, P4, Active, Not Active, Not Active
2026/09/24 10:56:56.385, NVIDIA GeForce RTX 5070 Ti Laptop GPU, 100, 31, 10935, 12227, 72, 119.77, [N/A], 2565, 9001, P4, Active, Not Active, Not Active
2026/09/24 10:56:57.400, NVIDIA GeForce RTX 5070 Ti Laptop GPU, 100, 31, 10935, 12227, 72, 119.86, [N/A], 2565, 9001, P4, Active, Not Active, Not Active
2026/09/24 10:56:58.411, NVIDIA GeForce RTX 5070 Ti Laptop GPU, 100, 31, 10935, 12227, 73, 119.88, [N/A], 2557, 9001, P4, Active, Not Active, Not Active
2026/09/24 10:56:59.422, NVIDIA GeForce RTX 5070 Ti Laptop GPU, 100, 31, 10935, 12227, 73, 119.91, [N/A], 2565, 9001, P4, Active, Not Active, Not Active
2026/09/24 10:57:00.432, NVIDIA GeForce RTX 5070 Ti Laptop GPU, 100, 31, 10935, 12227, 73, 119.86, [N/A], 2565, 9001, P4, Active, Not Active, Not Active
2026/09/24 10:57:01.444, NVIDIA GeForce RTX 5070 Ti Laptop GPU, 100, 31, 10935, 12227, 73, 119.86, [N/A], 2557, 9001, P4, Active, Not Active, Not Active
2026/09/24 10:57:02.458, NVIDIA GeForce RTX 5070 Ti Laptop GPU, 100, 31, 10935, 12227, 73, 119.87, [N/A], 2557, 9001, P4, Active, Not Active, Not Active
2026/09/24 10:57:03.464, NVIDIA GeForce RTX 5070 Ti Laptop GPU, 100, 31, 10935, 12227, 73, 119.81, [N/A], 2565, 9001, P4, Active, Not Active, Not Active
2026/09/24 10:57:04.475, NVIDIA GeForce RTX 5070 Ti Laptop GPU, 100, 31, 10935, 12227, 74, 119.89, [N/A], 2557, 9001, P4, Active, Not Active, Not Active
2026/09/24 10:57:05.487, NVIDIA GeForce RTX 5070 Ti Laptop GPU, 100, 31, 10935, 12227, 74, 119.89, [N/A], 2557, 9001, P4, Active, Not Active, Not Active
2026/09/24 10:57:06.500, NVIDIA GeForce RTX 5070 Ti Laptop GPU, 100, 31, 10935, 12227, 74, 119.91, [N/A], 2557, 9001, P4, Active, Not Active, Not Active
2026/09/24 10:57:07.515, NVIDIA GeForce RTX 5070 Ti Laptop GPU, 100, 31, 10935, 12227, 74, 119.93, [N/A], 2557, 9001, P4, Active, Not Active, Not Active
2026/09/24 10:57:08.526, NVIDIA GeForce RTX 5070 Ti Laptop GPU, 100, 31, 10935, 12227, 74, 119.89, [N/A], 2550, 9001, P4, Active, Not Active, Not Active
2026/09/24 10:57:09.540, NVIDIA GeForce RTX 5070 Ti Laptop GPU, 100, 31, 10935, 12227, 75, 119.84, [N/A], 2550, 9001, P4, Active, Not Active, Not Active
2026/09/24 10:57:10.541, NVIDIA GeForce RTX 5070 Ti Laptop GPU, 100, 31, 10935, 12227, 75, 119.85, [N/A], 2557, 9001, P4, Active, Not Active, Not Active
2026/09/24 10:57:11.552, NVIDIA GeForce RTX 5070 Ti Laptop GPU, 100, 31, 10935, 12227, 75, 119.88, [N/A], 2550, 9001, P4, Active, Not Active, Not Active
2026/09/24 10:57:12.560, NVIDIA GeForce RTX 5070 Ti Laptop GPU, 100, 31, 10935, 12227, 75, 119.87, [N/A], 2550, 9001, P4, Active, Not Active, Not Active
2026/09/24 10:57:13.563, NVIDIA GeForce RTX 5070 Ti Laptop GPU, 100, 26, 10935, 12227, 75, 119.86, [N/A], 2542, 11001, P2, Active, Not Active, Not Active
2026/09/24 10:57:14.573, NVIDIA GeForce RTX 5070 Ti Laptop GPU, 100, 31, 10935, 12227, 76, 119.88, [N/A], 2550, 9001, P4, Active, Not Active, Not Active
2026/09/24 10:57:15.581, NVIDIA GeForce RTX 5070 Ti Laptop GPU, 100, 31, 10935, 12227, 76, 119.81, [N/A], 2550, 9001, P4, Active, Not Active, Not Active
2026/09/24 10:57:16.597, NVIDIA GeForce RTX 5070 Ti Laptop GPU, 100, 31, 10935, 12227, 76, 119.87, [N/A], 2550, 9001, P4, Active, Not Active, Not Active
2026/09/24 10:57:17.608, NVIDIA GeForce RTX 5070 Ti Laptop GPU, 100, 31, 10935, 12227, 76, 119.83, [N/A], 2550, 9001, P4, Active, Not Active, Not Active
2026/09/24 10:57:18.611, NVIDIA GeForce RTX 5070 Ti Laptop GPU, 100, 31, 10935, 12227, 76, 119.83, [N/A], 2542, 9001, P4, Active, Not Active, Not Active
2026/09/24 10:57:19.624, NVIDIA GeForce RTX 5070 Ti Laptop GPU, 100, 31, 10935, 12227, 76, 119.82, [N/A], 2542, 9001, P4, Active, Not Active, Not Active
2026/09/24 10:57:20.626, NVIDIA GeForce RTX 5070 Ti Laptop GPU, 100, 30, 10935, 12227, 76, 119.78, [N/A], 2527, 9001, P4, Active, Not Active, Not Active
2026/09/24 10:57:21.632, NVIDIA GeForce RTX 5070 Ti Laptop GPU, 100, 31, 10935, 12227, 77, 119.75, [N/A], 2542, 9001, P4, Active, Not Active, Not Active
2026/09/24 10:57:22.647, NVIDIA GeForce RTX 5070 Ti Laptop GPU, 100, 31, 10935, 12227, 77, 119.79, [N/A], 2542, 9001, P4, Active, Not Active, Not Active
2026/09/24 10:57:23.648, NVIDIA GeForce RTX 5070 Ti Laptop GPU, 100, 31, 10935, 12227, 77, 119.77, [N/A], 2542, 9001, P4, Active, Not Active, Not Active
2026/09/24 10:57:24.664, NVIDIA GeForce RTX 5070 Ti Laptop GPU, 100, 31, 10935, 12227, 77, 119.78, [N/A], 2542, 9001, P4, Active, Not Active, Not Active
2026/09/24 10:57:25.668, NVIDIA GeForce RTX 5070 Ti Laptop GPU, 100, 31, 10935, 12227, 78, 119.78, [N/A], 2542, 9001, P4, Active, Not Active, Not Active
2026/09/24 10:57:26.678, NVIDIA GeForce RTX 5070 Ti Laptop GPU, 100, 31, 10935, 12227, 78, 119.83, [N/A], 2542, 9001, P4, Active, Not Active, Not Active
2026/09/24 10:57:27.691, NVIDIA GeForce RTX 5070 Ti Laptop GPU, 100, 31, 10935, 12227, 78, 119.75, [N/A], 2542, 9001, P4, Active, Not Active, Not Active
2026/09/24 10:57:28.702, NVIDIA GeForce RTX 5070 Ti Laptop GPU, 100, 31, 10935, 12227, 78, 119.77, [N/A], 2542, 9001, P4, Active, Not Active, Not Active
2026/09/24 10:57:29.715, NVIDIA GeForce RTX 5070 Ti Laptop GPU, 100, 31, 10935, 12227, 78, 119.62, [N/A], 2542, 9001, P4, Active, Not Active, Not Active
2026/09/24 10:57:30.727, NVIDIA GeForce RTX 5070 Ti Laptop GPU, 100, 31, 10935, 12227, 78, 119.79, [N/A], 2542, 9001, P4, Active, Not Active, Not Active
2026/09/24 10:57:31.740, NVIDIA GeForce RTX 5070 Ti Laptop GPU, 100, 31, 10935, 12227, 78, 119.92, [N/A], 2535, 9001, P4, Active, Not Active, Not Active
2026/09/24 10:57:32.750, NVIDIA GeForce RTX 5070 Ti Laptop GPU, 100, 31, 10935, 12227, 78, 119.83, [N/A], 2542, 9001, P4, Active, Not Active, Not Active
2026/09/24 10:57:33.751, NVIDIA GeForce RTX 5070 Ti Laptop GPU, 100, 31, 10935, 12227, 78, 119.71, [N/A], 2535, 9001, P4, Active, Not Active, Not Active
2026/09/24 10:57:34.755, NVIDIA GeForce RTX 5070 Ti Laptop GPU, 100, 31, 10935, 12227, 78, 119.86, [N/A], 2535, 9001, P4, Active, Not Active, Not Active
2026/09/24 10:57:35.770, NVIDIA GeForce RTX 5070 Ti Laptop GPU, 100, 31, 10935, 12227, 79, 119.91, [N/A], 2535, 9001, P4, Active, Not Active, Not Active
2026/09/24 10:57:36.783, NVIDIA GeForce RTX 5070 Ti Laptop GPU, 100, 31, 10935, 12227, 79, 119.90, [N/A], 2535, 9001, P4, Active, Not Active, Not Active
2026/09/24 10:57:37.794, NVIDIA GeForce RTX 5070 Ti Laptop GPU, 100, 31, 10935, 12227, 79, 119.83, [N/A], 2535, 9001, P4, Active, Not Active, Not Active
2026/09/24 10:57:38.804, NVIDIA GeForce RTX 5070 Ti Laptop GPU, 100, 31, 10935, 12227, 79, 119.91, [N/A], 2535, 9001, P4, Active, Not Active, Not Active
2026/09/24 10:57:39.806, NVIDIA GeForce RTX 5070 Ti Laptop GPU, 100, 31, 10935, 12227, 79, 119.93, [N/A], 2535, 9001, P4, Active, Not Active, Not Active
2026/09/24 10:57:40.813, NVIDIA GeForce RTX 5070 Ti Laptop GPU, 100, 31, 10935, 12227, 79, 119.86, [N/A], 2535, 9001, P4, Active, Not Active, Not Active
2026/09/24 10:57:41.817, NVIDIA GeForce RTX 5070 Ti Laptop GPU, 100, 31, 10935, 12227, 79, 119.81, [N/A], 2535, 9001, P4, Active, Not Active, Not Active
2026/09/24 10:57:42.829, NVIDIA GeForce RTX 5070 Ti Laptop GPU, 100, 31, 10935, 12227, 80, 119.89, [N/A], 2527, 9001, P4, Active, Not Active, Not Active
2026/09/24 10:57:43.830, NVIDIA GeForce RTX 5070 Ti Laptop GPU, 100, 31, 10935, 12227, 80, 119.93, [N/A], 2527, 9001, P4, Active, Not Active, Not Active
2026/09/24 10:57:44.842, NVIDIA GeForce RTX 5070 Ti Laptop GPU, 100, 31, 10935, 12227, 80, 119.87, [N/A], 2527, 9001, P4, Active, Not Active, Not Active
2026/09/24 10:57:45.855, NVIDIA GeForce RTX 5070 Ti Laptop GPU, 100, 31, 10935, 12227, 80, 119.93, [N/A], 2527, 9001, P4, Active, Not Active, Not Active
2026/09/24 10:57:46.865, NVIDIA GeForce RTX 5070 Ti Laptop GPU, 100, 31, 10935, 12227, 80, 119.90, [N/A], 2527, 9001, P4, Active, Not Active, Not Active
2026/09/24 10:57:47.878, NVIDIA GeForce RTX 5070 Ti Laptop GPU, 100, 31, 10935, 12227, 80, 119.88, [N/A], 2527, 9001, P4, Active, Not Active, Not Active
2026/09/24 10:57:48.891, NVIDIA GeForce RTX 5070 Ti Laptop GPU, 100, 30, 10935, 12227, 80, 119.80, [N/A], 2527, 9001, P4, Active, Not Active, Not Active
2026/09/24 10:57:49.905, NVIDIA GeForce RTX 5070 Ti Laptop GPU, 100, 31, 10935, 12227, 81, 119.81, [N/A], 2527, 9001, P4, Active, Not Active, Not Active
2026/09/24 10:57:50.907, NVIDIA GeForce RTX 5070 Ti Laptop GPU, 100, 31, 10935, 12227, 81, 119.92, [N/A], 2527, 9001, P4, Active, Not Active, Not Active
2026/09/24 10:57:51.920, NVIDIA GeForce RTX 5070 Ti Laptop GPU, 100, 31, 10935, 12227, 81, 119.86, [N/A], 2527, 9001, P4, Active, Not Active, Not Active
2026/09/24 10:57:52.922, NVIDIA GeForce RTX 5070 Ti Laptop GPU, 100, 31, 10935, 12227, 81, 119.84, [N/A], 2527, 9001, P4, Active, Not Active, Not Active
2026/09/24 10:57:53.926, NVIDIA GeForce RTX 5070 Ti Laptop GPU, 100, 31, 10935, 12227, 81, 119.91, [N/A], 2527, 9001, P4, Active, Not Active, Not Active
2026/09/24 10:57:54.934, NVIDIA GeForce RTX 5070 Ti Laptop GPU, 100, 31, 10935, 12227, 81, 119.81, [N/A], 2527, 9001, P4, Active, Not Active, Not Active
2026/09/24 10:57:55.938, NVIDIA GeForce RTX 5070 Ti Laptop GPU, 100, 31, 10935, 12227, 82, 119.85, [N/A], 2527, 9001, P4, Active, Not Active, Not Active
2026/09/24 10:57:56.947, NVIDIA GeForce RTX 5070 Ti Laptop GPU, 100, 31, 10935, 12227, 82, 119.89, [N/A], 2527, 9001, P4, Active, Not Active, Not Active
2026/09/24 10:57:57.955, NVIDIA GeForce RTX 5070 Ti Laptop GPU, 100, 31, 10935, 12227, 82, 119.86, [N/A], 2520, 9001, P4, Active, Not Active, Not Active
2026/09/24 10:57:58.963, NVIDIA GeForce RTX 5070 Ti Laptop GPU, 100, 31, 10935, 12227, 82, 119.78, [N/A], 2520, 9001, P4, Active, Not Active, Not Active
2026/09/24 10:57:59.971, NVIDIA GeForce RTX 5070 Ti Laptop GPU, 100, 31, 10935, 12227, 82, 119.68, [N/A], 2520, 9001, P4, Active, Not Active, Not Active
2026/09/24 10:58:00.982, NVIDIA GeForce RTX 5070 Ti Laptop GPU, 100, 31, 10935, 12227, 82, 119.92, [N/A], 2520, 9001, P4, Active, Not Active, Not Active
2026/09/24 10:58:01.995, NVIDIA GeForce RTX 5070 Ti Laptop GPU, 100, 31, 10935, 12227, 82, 119.87, [N/A], 2512, 9001, P4, Active, Not Active, Not Active
2026/09/24 10:58:03.007, NVIDIA GeForce RTX 5070 Ti Laptop GPU, 99, 31, 10935, 12227, 82, 119.87, [N/A], 2512, 9001, P4, Active, Not Active, Not Active
2026/09/24 10:58:04.020, NVIDIA GeForce RTX 5070 Ti Laptop GPU, 100, 31, 10935, 12227, 82, 119.80, [N/A], 2512, 9001, P4, Active, Not Active, Not Active
2026/09/24 10:58:05.024, NVIDIA GeForce RTX 5070 Ti Laptop GPU, 100, 31, 10935, 12227, 82, 119.76, [N/A], 2520, 9001, P4, Active, Not Active, Not Active
2026/09/24 10:58:06.026, NVIDIA GeForce RTX 5070 Ti Laptop GPU, 100, 31, 10935, 12227, 82, 119.87, [N/A], 2512, 9001, P4, Active, Not Active, Not Active
2026/09/24 10:58:07.027, NVIDIA GeForce RTX 5070 Ti Laptop GPU, 100, 31, 10935, 12227, 83, 119.85, [N/A], 2520, 9001, P4, Active, Not Active, Not Active
2026/09/24 10:58:08.032, NVIDIA GeForce RTX 5070 Ti Laptop GPU, 100, 31, 10935, 12227, 83, 119.81, [N/A], 2520, 9001, P4, Active, Not Active, Not Active
2026/09/24 10:58:09.033, NVIDIA GeForce RTX 5070 Ti Laptop GPU, 100, 31, 10935, 12227, 83, 119.85, [N/A], 2520, 9001, P4, Active, Not Active, Not Active
2026/09/24 10:58:10.036, NVIDIA GeForce RTX 5070 Ti Laptop GPU, 100, 31, 10935, 12227, 83, 119.80, [N/A], 2520, 9001, P4, Active, Not Active, Not Active
2026/09/24 10:58:11.043, NVIDIA GeForce RTX 5070 Ti Laptop GPU, 100, 31, 10935, 12227, 83, 119.82, [N/A], 2512, 9001, P4, Active, Not Active, Not Active
2026/09/24 10:58:12.055, NVIDIA GeForce RTX 5070 Ti Laptop GPU, 100, 31, 10935, 12227, 83, 119.79, [N/A], 2512, 9001, P4, Active, Not Active, Not Active
2026/09/24 10:58:13.062, NVIDIA GeForce RTX 5070 Ti Laptop GPU, 100, 31, 10935, 12227, 83, 119.74, [N/A], 2512, 9001, P4, Active, Not Active, Not Active
2026/09/24 10:58:14.077, NVIDIA GeForce RTX 5070 Ti Laptop GPU, 100, 31, 10935, 12227, 83, 119.77, [N/A], 2512, 9001, P4, Active, Not Active, Not Active
2026/09/24 10:58:15.085, NVIDIA GeForce RTX 5070 Ti Laptop GPU, 100, 31, 10935, 12227, 83, 119.80, [N/A], 2520, 9001, P4, Active, Not Active, Not Active
2026/09/24 10:58:16.100, NVIDIA GeForce RTX 5070 Ti Laptop GPU, 100, 30, 10935, 12227, 83, 119.75, [N/A], 2520, 9001, P4, Active, Not Active, Not Active
2026/09/24 10:58:17.113, NVIDIA GeForce RTX 5070 Ti Laptop GPU, 100, 31, 10935, 12227, 83, 119.83, [N/A], 2512, 9001, P4, Active, Not Active, Not Active
2026/09/24 10:58:18.127, NVIDIA GeForce RTX 5070 Ti Laptop GPU, 100, 31, 10935, 12227, 83, 119.58, [N/A], 2512, 9001, P4, Active, Not Active, Not Active
2026/09/24 10:58:19.133, NVIDIA GeForce RTX 5070 Ti Laptop GPU, 100, 31, 10935, 12227, 84, 119.82, [N/A], 2512, 9001, P4, Active, Not Active, Not Active
2026/09/24 10:58:20.144, NVIDIA GeForce RTX 5070 Ti Laptop GPU, 100, 31, 10935, 12227, 84, 119.78, [N/A], 2512, 9001, P4, Active, Not Active, Not Active
2026/09/24 10:58:21.156, NVIDIA GeForce RTX 5070 Ti Laptop GPU, 100, 31, 10935, 12227, 84, 119.80, [N/A], 2512, 9001, P4, Active, Not Active, Not Active
2026/09/24 10:58:22.167, NVIDIA GeForce RTX 5070 Ti Laptop GPU, 100, 31, 10935, 12227, 84, 119.81, [N/A], 2512, 9001, P4, Active, Not Active, Not Active
2026/09/24 10:58:23.182, NVIDIA GeForce RTX 5070 Ti Laptop GPU, 100, 31, 10935, 12227, 84, 119.62, [N/A], 2512, 9001, P4, Active, Not Active, Not Active
2026/09/24 10:58:24.194, NVIDIA GeForce RTX 5070 Ti Laptop GPU, 100, 31, 10935, 12227, 84, 119.83, [N/A], 2512, 9001, P4, Active, Not Active, Not Active
2026/09/24 10:58:25.207, NVIDIA GeForce RTX 5070 Ti Laptop GPU, 100, 31, 10935, 12227, 85, 119.79, [N/A], 2512, 9001, P4, Active, Not Active, Not Active
2026/09/24 10:58:26.210, NVIDIA GeForce RTX 5070 Ti Laptop GPU, 100, 31, 10935, 12227, 85, 119.71, [N/A], 2512, 9001, P4, Active, Not Active, Not Active
2026/09/24 10:58:27.222, NVIDIA GeForce RTX 5070 Ti Laptop GPU, 100, 31, 10935, 12227, 85, 119.73, [N/A], 2512, 9001, P4, Active, Not Active, Not Active
2026/09/24 10:58:28.236, NVIDIA GeForce RTX 5070 Ti Laptop GPU, 100, 31, 10935, 12227, 85, 119.72, [N/A], 2505, 9001, P4, Active, Not Active, Not Active
2026/09/24 10:58:29.247, NVIDIA GeForce RTX 5070 Ti Laptop GPU, 100, 31, 10935, 12227, 85, 119.68, [N/A], 2505, 9001, P4, Active, Not Active, Not Active
2026/09/24 10:58:30.257, NVIDIA GeForce RTX 5070 Ti Laptop GPU, 100, 30, 10935, 12227, 85, 119.78, [N/A], 2505, 9001, P4, Active, Not Active, Not Active
2026/09/24 10:58:31.271, NVIDIA GeForce RTX 5070 Ti Laptop GPU, 100, 31, 10935, 12227, 85, 119.70, [N/A], 2512, 9001, P4, Active, Not Active, Not Active
2026/09/24 10:58:32.280, NVIDIA GeForce RTX 5070 Ti Laptop GPU, 100, 31, 10935, 12227, 85, 119.88, [N/A], 2505, 9001, P4, Active, Not Active, Not Active
2026/09/24 10:58:33.289, NVIDIA GeForce RTX 5070 Ti Laptop GPU, 100, 31, 10935, 12227, 85, 119.90, [N/A], 2505, 9001, P4, Active, Not Active, Not Active
2026/09/24 10:58:34.301, NVIDIA GeForce RTX 5070 Ti Laptop GPU, 100, 31, 10935, 12227, 85, 119.90, [N/A], 2505, 9001, P4, Active, Not Active, Not Active
2026/09/24 10:58:35.305, NVIDIA GeForce RTX 5070 Ti Laptop GPU, 100, 30, 10935, 12227, 85, 119.77, [N/A], 2505, 9001, P4, Active, Not Active, Not Active
2026/09/24 10:58:36.316, NVIDIA GeForce RTX 5070 Ti Laptop GPU, 100, 31, 10935, 12227, 86, 119.79, [N/A], 2505, 9001, P4, Active, Not Active, Not Active
2026/09/24 10:58:37.328, NVIDIA GeForce RTX 5070 Ti Laptop GPU, 100, 31, 10935, 12227, 86, 119.82, [N/A], 2497, 9001, P4, Active, Not Active, Not Active
2026/09/24 10:58:38.338, NVIDIA GeForce RTX 5070 Ti Laptop GPU, 100, 31, 10935, 12227, 86, 119.89, [N/A], 2497, 9001, P4, Active, Not Active, Not Active
2026/09/24 10:58:39.351, NVIDIA GeForce RTX 5070 Ti Laptop GPU, 100, 30, 10935, 12227, 86, 119.79, [N/A], 2505, 9001, P4, Active, Not Active, Not Active
2026/09/24 10:58:40.362, NVIDIA GeForce RTX 5070 Ti Laptop GPU, 100, 31, 10935, 12227, 86, 119.93, [N/A], 2497, 9001, P4, Active, Not Active, Not Active
2026/09/24 10:58:41.376, NVIDIA GeForce RTX 5070 Ti Laptop GPU, 100, 31, 10935, 12227, 86, 119.92, [N/A], 2497, 9001, P4, Active, Not Active, Not Active
2026/09/24 10:58:42.378, NVIDIA GeForce RTX 5070 Ti Laptop GPU, 100, 31, 10935, 12227, 86, 119.89, [N/A], 2497, 9001, P4, Active, Not Active, Not Active
2026/09/24 10:58:43.390, NVIDIA GeForce RTX 5070 Ti Laptop GPU, 100, 30, 10935, 12227, 86, 119.86, [N/A], 2497, 9001, P4, Active, Not Active, Not Active
2026/09/24 10:58:44.404, NVIDIA GeForce RTX 5070 Ti Laptop GPU, 100, 31, 10935, 12227, 86, 119.85, [N/A], 2497, 9001, P4, Active, Not Active, Not Active
2026/09/24 10:58:45.414, NVIDIA GeForce RTX 5070 Ti Laptop GPU, 100, 31, 10935, 12227, 86, 119.94, [N/A], 2497, 9001, P4, Active, Not Active, Not Active
2026/09/24 10:58:46.427, NVIDIA GeForce RTX 5070 Ti Laptop GPU, 100, 30, 10935, 12227, 86, 119.86, [N/A], 2497, 9001, P4, Active, Not Active, Not Active
2026/09/24 10:58:47.437, NVIDIA GeForce RTX 5070 Ti Laptop GPU, 100, 30, 10935, 12227, 86, 119.93, [N/A], 2497, 9001, P4, Active, Not Active, Not Active
2026/09/24 10:58:48.449, NVIDIA GeForce RTX 5070 Ti Laptop GPU, 100, 31, 10935, 12227, 87, 119.89, [N/A], 2497, 9001, P4, Active, Not Active, Not Active
2026/09/24 10:58:49.449, NVIDIA GeForce RTX 5070 Ti Laptop GPU, 100, 31, 10935, 12227, 86, 119.83, [N/A], 2497, 9001, P4, Active, Not Active, Not Active
2026/09/24 10:58:50.462, NVIDIA GeForce RTX 5070 Ti Laptop GPU, 100, 30, 10935, 12227, 87, 119.93, [N/A], 2497, 9001, P4, Active, Not Active, Not Active
2026/09/24 10:58:51.474, NVIDIA GeForce RTX 5070 Ti Laptop GPU, 100, 30, 10935, 12227, 87, 119.82, [N/A], 2497, 9001, P4, Active, Not Active, Not Active
2026/09/24 10:58:52.477, NVIDIA GeForce RTX 5070 Ti Laptop GPU, 100, 31, 10935, 12227, 87, 119.94, [N/A], 2497, 9001, P4, Active, Not Active, Not Active
2026/09/24 10:58:53.478, NVIDIA GeForce RTX 5070 Ti Laptop GPU, 100, 31, 10935, 12227, 87, 119.85, [N/A], 2490, 9001, P4, Active, Not Active, Not Active
2026/09/24 10:58:54.492, NVIDIA GeForce RTX 5070 Ti Laptop GPU, 100, 30, 10935, 12227, 87, 119.55, [N/A], 2475, 9001, P4, Not Active, Active, Not Active
2026/09/24 10:58:55.496, NVIDIA GeForce RTX 5070 Ti Laptop GPU, 100, 30, 10935, 12227, 87, 114.85, [N/A], 2452, 9001, P4, Not Active, Active, Not Active
2026/09/24 10:58:56.511, NVIDIA GeForce RTX 5070 Ti Laptop GPU, 100, 30, 10935, 12227, 87, 114.69, [N/A], 2452, 9001, P4, Not Active, Active, Not Active
2026/09/24 10:58:57.513, NVIDIA GeForce RTX 5070 Ti Laptop GPU, 100, 30, 10935, 12227, 87, 114.65, [N/A], 2452, 9001, P4, Not Active, Active, Not Active
2026/09/24 10:58:58.526, NVIDIA GeForce RTX 5070 Ti Laptop GPU, 100, 30, 10935, 12227, 87, 114.79, [N/A], 2452, 9001, P4, Not Active, Active, Not Active
2026/09/24 10:58:59.539, NVIDIA GeForce RTX 5070 Ti Laptop GPU, 100, 30, 10935, 12227, 87, 114.88, [N/A], 2452, 9001, P4, Not Active, Active, Not Active
2026/09/24 10:59:00.555, NVIDIA GeForce RTX 5070 Ti Laptop GPU, 100, 30, 10935, 12227, 87, 114.69, [N/A], 2452, 9001, P4, Not Active, Active, Not Active
2026/09/24 10:59:01.563, NVIDIA GeForce RTX 5070 Ti Laptop GPU, 100, 30, 10935, 12227, 87, 114.65, [N/A], 2452, 9001, P4, Not Active, Active, Not Active
2026/09/24 10:59:02.570, NVIDIA GeForce RTX 5070 Ti Laptop GPU, 100, 29, 10935, 12227, 87, 112.17, [N/A], 2415, 9001, P4, Not Active, Active, Not Active
2026/09/24 10:59:03.579, NVIDIA GeForce RTX 5070 Ti Laptop GPU, 100, 30, 10935, 12227, 87, 111.29, [N/A], 2415, 9001, P4, Not Active, Active, Not Active
2026/09/24 10:59:04.589, NVIDIA GeForce RTX 5070 Ti Laptop GPU, 100, 30, 10935, 12227, 87, 111.39, [N/A], 2422, 9001, P4, Not Active, Active, Not Active
2026/09/24 10:59:05.599, NVIDIA GeForce RTX 5070 Ti Laptop GPU, 100, 30, 10935, 12227, 86, 111.37, [N/A], 2422, 9001, P4, Not Active, Active, Not Active
2026/09/24 10:59:06.613, NVIDIA GeForce RTX 5070 Ti Laptop GPU, 100, 29, 10935, 12227, 87, 111.49, [N/A], 2422, 9001, P4, Not Active, Active, Not Active
2026/09/24 10:59:07.625, NVIDIA GeForce RTX 5070 Ti Laptop GPU, 100, 30, 10935, 12227, 87, 111.24, [N/A], 2415, 9001, P4, Not Active, Active, Not Active
2026/09/24 10:59:08.638, NVIDIA GeForce RTX 5070 Ti Laptop GPU, 100, 30, 10935, 12227, 87, 111.36, [N/A], 2422, 9001, P4, Not Active, Active, Not Active
2026/09/24 10:59:09.650, NVIDIA GeForce RTX 5070 Ti Laptop GPU, 100, 30, 10935, 12227, 87, 111.38, [N/A], 2422, 9001, P4, Not Active, Active, Not Active
2026/09/24 10:59:10.658, NVIDIA GeForce RTX 5070 Ti Laptop GPU, 100, 29, 10935, 12227, 87, 111.46, [N/A], 2422, 9001, P4, Not Active, Active, Not Active
2026/09/24 10:59:11.672, NVIDIA GeForce RTX 5070 Ti Laptop GPU, 100, 30, 10935, 12227, 87, 111.28, [N/A], 2415, 9001, P4, Not Active, Active, Not Active
2026/09/24 10:59:12.683, NVIDIA GeForce RTX 5070 Ti Laptop GPU, 100, 30, 10935, 12227, 87, 111.46, [N/A], 2422, 9001, P4, Not Active, Active, Not Active
2026/09/24 10:59:13.696, NVIDIA GeForce RTX 5070 Ti Laptop GPU, 100, 30, 10935, 12227, 87, 111.37, [N/A], 2422, 9001, P4, Not Active, Active, Not Active
2026/09/24 10:59:14.708, NVIDIA GeForce RTX 5070 Ti Laptop GPU, 100, 29, 10935, 12227, 87, 111.42, [N/A], 2422, 9001, P4, Not Active, Active, Not Active
2026/09/24 10:59:15.716, NVIDIA GeForce RTX 5070 Ti Laptop GPU, 100, 30, 10935, 12227, 87, 111.38, [N/A], 2415, 9001, P4, Not Active, Active, Not Active
2026/09/24 10:59:16.717, NVIDIA GeForce RTX 5070 Ti Laptop GPU, 100, 30, 10935, 12227, 87, 111.34, [N/A], 2415, 9001, P4, Not Active, Active, Not Active
2026/09/24 10:59:17.718, NVIDIA GeForce RTX 5070 Ti Laptop GPU, 100, 30, 10935, 12227, 87, 111.27, [N/A], 2415, 9001, P4, Not Active, Active, Not Active
2026/09/24 10:59:18.731, NVIDIA GeForce RTX 5070 Ti Laptop GPU, 100, 29, 10935, 12227, 87, 111.26, [N/A], 2415, 9001, P4, Not Active, Active, Not Active
2026/09/24 10:59:19.746, NVIDIA GeForce RTX 5070 Ti Laptop GPU, 100, 30, 10935, 12227, 87, 111.40, [N/A], 2415, 9001, P4, Not Active, Active, Not Active
2026/09/24 10:59:20.755, NVIDIA GeForce RTX 5070 Ti Laptop GPU, 100, 30, 10935, 12227, 87, 111.50, [N/A], 2422, 9001, P4, Not Active, Active, Not Active
2026/09/24 10:59:21.767, NVIDIA GeForce RTX 5070 Ti Laptop GPU, 100, 30, 10935, 12227, 87, 111.48, [N/A], 2415, 9001, P4, Not Active, Active, Not Active
2026/09/24 10:59:22.769, NVIDIA GeForce RTX 5070 Ti Laptop GPU, 100, 29, 10935, 12227, 87, 111.23, [N/A], 2415, 9001, P4, Not Active, Active, Not Active
2026/09/24 10:59:23.771, NVIDIA GeForce RTX 5070 Ti Laptop GPU, 100, 30, 10935, 12227, 87, 111.36, [N/A], 2415, 9001, P4, Not Active, Active, Not Active
2026/09/24 10:59:24.771, NVIDIA GeForce RTX 5070 Ti Laptop GPU, 100, 29, 10935, 12227, 87, 108.30, [N/A], 2385, 9001, P4, Not Active, Active, Not Active
2026/09/24 10:59:25.782, NVIDIA GeForce RTX 5070 Ti Laptop GPU, 100, 29, 10935, 12227, 87, 107.81, [N/A], 2385, 9001, P4, Not Active, Active, Not Active
2026/09/24 10:59:26.788, NVIDIA GeForce RTX 5070 Ti Laptop GPU, 100, 29, 10935, 12227, 87, 107.71, [N/A], 2385, 9001, P4, Not Active, Active, Not Active
2026/09/24 10:59:27.802, NVIDIA GeForce RTX 5070 Ti Laptop GPU, 100, 29, 10935, 12227, 87, 107.75, [N/A], 2385, 9001, P4, Not Active, Active, Not Active
2026/09/24 10:59:28.810, NVIDIA GeForce RTX 5070 Ti Laptop GPU, 100, 29, 10935, 12227, 87, 107.62, [N/A], 2385, 9001, P4, Not Active, Active, Not Active
2026/09/24 10:59:29.817, NVIDIA GeForce RTX 5070 Ti Laptop GPU, 100, 29, 10935, 12227, 87, 107.79, [N/A], 2385, 9001, P4, Not Active, Active, Not Active
2026/09/24 10:59:30.831, NVIDIA GeForce RTX 5070 Ti Laptop GPU, 100, 28, 10935, 12227, 86, 104.99, [N/A], 2332, 9001, P4, Not Active, Active, Not Active
2026/09/24 10:59:31.840, NVIDIA GeForce RTX 5070 Ti Laptop GPU, 100, 28, 10935, 12227, 86, 102.55, [N/A], 2332, 9001, P4, Not Active, Active, Not Active
2026/09/24 10:59:32.850, NVIDIA GeForce RTX 5070 Ti Laptop GPU, 100, 28, 10935, 12227, 86, 102.59, [N/A], 2332, 9001, P4, Not Active, Active, Not Active
2026/09/24 10:59:33.862, NVIDIA GeForce RTX 5070 Ti Laptop GPU, 100, 28, 10935, 12227, 86, 102.39, [N/A], 2332, 9001, P4, Not Active, Active, Not Active
2026/09/24 10:59:34.865, NVIDIA GeForce RTX 5070 Ti Laptop GPU, 100, 28, 10935, 12227, 86, 102.53, [N/A], 2332, 9001, P4, Not Active, Active, Not Active
2026/09/24 10:59:35.879, NVIDIA GeForce RTX 5070 Ti Laptop GPU, 100, 28, 10935, 12227, 86, 102.63, [N/A], 2332, 9001, P4, Not Active, Active, Not Active
2026/09/24 10:59:36.881, NVIDIA GeForce RTX 5070 Ti Laptop GPU, 100, 29, 10935, 12227, 86, 102.55, [N/A], 2332, 9001, P4, Not Active, Active, Not Active
2026/09/24 10:59:37.893, NVIDIA GeForce RTX 5070 Ti Laptop GPU, 100, 28, 10935, 12227, 86, 102.53, [N/A], 2332, 9001, P4, Not Active, Active, Not Active
2026/09/24 10:59:38.906, NVIDIA GeForce RTX 5070 Ti Laptop GPU, 100, 28, 10935, 12227, 86, 102.49, [N/A], 2332, 9001, P4, Not Active, Active, Not Active
2026/09/24 10:59:39.917, NVIDIA GeForce RTX 5070 Ti Laptop GPU, 100, 28, 10935, 12227, 86, 102.47, [N/A], 2332, 9001, P4, Not Active, Active, Not Active
2026/09/24 10:59:40.925, NVIDIA GeForce RTX 5070 Ti Laptop GPU, 100, 28, 10935, 12227, 86, 102.44, [N/A], 2332, 9001, P4, Not Active, Active, Not Active
2026/09/24 10:59:41.936, NVIDIA GeForce RTX 5070 Ti Laptop GPU, 100, 28, 10935, 12227, 86, 102.35, [N/A], 2332, 9001, P4, Not Active, Active, Not Active
2026/09/24 10:59:42.946, NVIDIA GeForce RTX 5070 Ti Laptop GPU, 100, 29, 10935, 12227, 87, 106.46, [N/A], 2392, 9001, P4, Not Active, Active, Not Active
2026/09/24 10:59:43.961, NVIDIA GeForce RTX 5070 Ti Laptop GPU, 100, 29, 10935, 12227, 87, 107.88, [N/A], 2392, 9001, P4, Not Active, Active, Not Active
2026/09/24 10:59:44.963, NVIDIA GeForce RTX 5070 Ti Laptop GPU, 100, 29, 10935, 12227, 87, 108.11, [N/A], 2392, 9001, P4, Not Active, Active, Not Active
2026/09/24 10:59:45.975, NVIDIA GeForce RTX 5070 Ti Laptop GPU, 100, 29, 10935, 12227, 87, 108.05, [N/A], 2392, 9001, P4, Not Active, Active, Not Active
2026/09/24 10:59:46.981, NVIDIA GeForce RTX 5070 Ti Laptop GPU, 100, 29, 10935, 12227, 87, 108.06, [N/A], 2392, 9001, P4, Not Active, Active, Not Active
2026/09/24 10:59:47.987, NVIDIA GeForce RTX 5070 Ti Laptop GPU, 100, 29, 10935, 12227, 87, 107.86, [N/A], 2392, 9001, P4, Not Active, Active, Not Active
2026/09/24 10:59:48.995, NVIDIA GeForce RTX 5070 Ti Laptop GPU, 100, 29, 10935, 12227, 87, 108.01, [N/A], 2392, 9001, P4, Not Active, Active, Not Active
2026/09/24 10:59:50.002, NVIDIA GeForce RTX 5070 Ti Laptop GPU, 100, 29, 10935, 12227, 87, 108.04, [N/A], 2392, 9001, P4, Not Active, Active, Not Active
2026/09/24 10:59:51.008, NVIDIA GeForce RTX 5070 Ti Laptop GPU, 100, 29, 10935, 12227, 87, 107.96, [N/A], 2392, 9001, P4, Not Active, Active, Not Active
2026/09/24 10:59:52.016, NVIDIA GeForce RTX 5070 Ti Laptop GPU, 100, 29, 10935, 12227, 87, 108.13, [N/A], 2392, 9001, P4, Not Active, Active, Not Active
2026/09/24 10:59:53.031, NVIDIA GeForce RTX 5070 Ti Laptop GPU, 100, 29, 10935, 12227, 87, 108.26, [N/A], 2392, 9001, P4, Not Active, Active, Not Active
2026/09/24 10:59:54.043, NVIDIA GeForce RTX 5070 Ti Laptop GPU, 100, 29, 10935, 12227, 87, 108.28, [N/A], 2392, 9001, P4, Not Active, Active, Not Active
2026/09/24 10:59:55.058, NVIDIA GeForce RTX 5070 Ti Laptop GPU, 100, 28, 10935, 12227, 86, 100.56, [N/A], 2302, 9001, P4, Not Active, Active, Not Active
2026/09/24 10:59:56.073, NVIDIA GeForce RTX 5070 Ti Laptop GPU, 100, 28, 10935, 12227, 86, 100.20, [N/A], 2295, 9001, P4, Not Active, Active, Not Active
2026/09/24 10:59:57.087, NVIDIA GeForce RTX 5070 Ti Laptop GPU, 100, 28, 10935, 12227, 86, 100.11, [N/A], 2295, 9001, P4, Not Active, Active, Not Active
2026/09/24 10:59:58.103, NVIDIA GeForce RTX 5070 Ti Laptop GPU, 100, 28, 10935, 12227, 86, 100.20, [N/A], 2295, 9001, P4, Not Active, Active, Not Active
2026/09/24 10:59:59.104, NVIDIA GeForce RTX 5070 Ti Laptop GPU, 100, 28, 10935, 12227, 86, 100.09, [N/A], 2295, 9001, P4, Not Active, Active, Not Active
2026/09/24 11:00:00.109, NVIDIA GeForce RTX 5070 Ti Laptop GPU, 100, 28, 10935, 12227, 86, 99.92, [N/A], 2295, 9001, P4, Not Active, Active, Not Active
2026/09/24 11:00:01.111, NVIDIA GeForce RTX 5070 Ti Laptop GPU, 100, 28, 10935, 12227, 86, 100.16, [N/A], 2302, 9001, P4, Not Active, Active, Not Active
2026/09/24 11:00:02.113, NVIDIA GeForce RTX 5070 Ti Laptop GPU, 100, 28, 10935, 12227, 86, 100.10, [N/A], 2295, 9001, P4, Not Active, Active, Not Active
2026/09/24 11:00:03.121, NVIDIA GeForce RTX 5070 Ti Laptop GPU, 100, 28, 10935, 12227, 86, 100.05, [N/A], 2302, 9001, P4, Not Active, Active, Not Active
2026/09/24 11:00:04.133, NVIDIA GeForce RTX 5070 Ti Laptop GPU, 100, 28, 10935, 12227, 86, 100.17, [N/A], 2302, 9001, P4, Not Active, Active, Not Active
2026/09/24 11:00:05.146, NVIDIA GeForce RTX 5070 Ti Laptop GPU, 100, 28, 10935, 12227, 86, 100.07, [N/A], 2295, 9001, P4, Not Active, Active, Not Active
2026/09/24 11:00:06.157, NVIDIA GeForce RTX 5070 Ti Laptop GPU, 100, 28, 10935, 12227, 86, 100.13, [N/A], 2302, 9001, P4, Not Active, Active, Not Active
2026/09/24 11:00:07.170, NVIDIA GeForce RTX 5070 Ti Laptop GPU, 100, 28, 10935, 12227, 86, 100.35, [N/A], 2302, 9001, P4, Not Active, Active, Not Active
2026/09/24 11:00:08.184, NVIDIA GeForce RTX 5070 Ti Laptop GPU, 100, 28, 10935, 12227, 86, 100.15, [N/A], 2302, 9001, P4, Not Active, Active, Not Active
2026/09/24 11:00:09.188, NVIDIA GeForce RTX 5070 Ti Laptop GPU, 100, 28, 10935, 12227, 86, 100.04, [N/A], 2295, 9001, P4, Not Active, Active, Not Active
2026/09/24 11:00:10.191, NVIDIA GeForce RTX 5070 Ti Laptop GPU, 100, 28, 10935, 12227, 86, 100.09, [N/A], 2295, 9001, P4, Not Active, Active, Not Active
2026/09/24 11:00:11.205, NVIDIA GeForce RTX 5070 Ti Laptop GPU, 100, 28, 10935, 12227, 86, 100.17, [N/A], 2295, 9001, P4, Not Active, Active, Not Active
2026/09/24 11:00:12.216, NVIDIA GeForce RTX 5070 Ti Laptop GPU, 100, 28, 10935, 12227, 86, 100.30, [N/A], 2302, 9001, P4, Not Active, Active, Not Active
2026/09/24 11:00:13.223, NVIDIA GeForce RTX 5070 Ti Laptop GPU, 100, 28, 10935, 12227, 86, 100.10, [N/A], 2295, 9001, P4, Not Active, Active, Not Active
2026/09/24 11:00:14.232, NVIDIA GeForce RTX 5070 Ti Laptop GPU, 100, 28, 10935, 12227, 86, 100.14, [N/A], 2295, 9001, P4, Not Active, Active, Not Active
2026/09/24 11:00:15.246, NVIDIA GeForce RTX 5070 Ti Laptop GPU, 100, 28, 10935, 12227, 86, 100.13, [N/A], 2295, 9001, P4, Not Active, Active, Not Active
2026/09/24 11:00:16.251, NVIDIA GeForce RTX 5070 Ti Laptop GPU, 100, 28, 10935, 12227, 86, 100.32, [N/A], 2302, 9001, P4, Not Active, Active, Not Active
2026/09/24 11:00:17.265, NVIDIA GeForce RTX 5070 Ti Laptop GPU, 100, 28, 10935, 12227, 86, 100.14, [N/A], 2295, 9001, P4, Not Active, Active, Not Active
2026/09/24 11:00:18.277, NVIDIA GeForce RTX 5070 Ti Laptop GPU, 100, 28, 10935, 12227, 86, 100.15, [N/A], 2295, 9001, P4, Not Active, Active, Not Active
2026/09/24 11:00:19.287, NVIDIA GeForce RTX 5070 Ti Laptop GPU, 100, 28, 10935, 12227, 86, 100.30, [N/A], 2295, 9001, P4, Not Active, Active, Not Active
2026/09/24 11:00:20.297, NVIDIA GeForce RTX 5070 Ti Laptop GPU, 100, 28, 10935, 12227, 86, 100.36, [N/A], 2302, 9001, P4, Not Active, Active, Not Active
2026/09/24 11:00:21.308, NVIDIA GeForce RTX 5070 Ti Laptop GPU, 100, 28, 10935, 12227, 86, 100.27, [N/A], 2295, 9001, P4, Not Active, Active, Not Active
2026/09/24 11:00:22.317, NVIDIA GeForce RTX 5070 Ti Laptop GPU, 100, 28, 10935, 12227, 86, 100.12, [N/A], 2295, 9001, P4, Not Active, Active, Not Active
2026/09/24 11:00:23.331, NVIDIA GeForce RTX 5070 Ti Laptop GPU, 100, 28, 10935, 12227, 86, 100.29, [N/A], 2295, 9001, P4, Not Active, Active, Not Active
2026/09/24 11:00:24.346, NVIDIA GeForce RTX 5070 Ti Laptop GPU, 100, 28, 10935, 12227, 87, 100.43, [N/A], 2302, 9001, P4, Not Active, Active, Not Active
2026/09/24 11:00:25.361, NVIDIA GeForce RTX 5070 Ti Laptop GPU, 100, 28, 10935, 12227, 86, 100.22, [N/A], 2295, 9001, P4, Not Active, Active, Not Active
2026/09/24 11:00:26.373, NVIDIA GeForce RTX 5070 Ti Laptop GPU, 100, 28, 10935, 12227, 86, 100.14, [N/A], 2295, 9001, P4, Not Active, Active, Not Active
2026/09/24 11:00:27.384, NVIDIA GeForce RTX 5070 Ti Laptop GPU, 100, 28, 10935, 12227, 86, 100.26, [N/A], 2295, 9001, P4, Not Active, Active, Not Active
2026/09/24 11:00:28.392, NVIDIA GeForce RTX 5070 Ti Laptop GPU, 100, 28, 10935, 12227, 86, 100.19, [N/A], 2295, 9001, P4, Not Active, Active, Not Active
2026/09/24 11:00:29.404, NVIDIA GeForce RTX 5070 Ti Laptop GPU, 100, 28, 10935, 12227, 86, 100.14, [N/A], 2295, 9001, P4, Not Active, Active, Not Active
2026/09/24 11:00:30.420, NVIDIA GeForce RTX 5070 Ti Laptop GPU, 100, 28, 10935, 12227, 86, 100.16, [N/A], 2295, 9001, P4, Not Active, Active, Not Active
2026/09/24 11:00:31.425, NVIDIA GeForce RTX 5070 Ti Laptop GPU, 100, 28, 10935, 12227, 86, 100.30, [N/A], 2295, 9001, P4, Not Active, Active, Not Active
2026/09/24 11:00:32.425, NVIDIA GeForce RTX 5070 Ti Laptop GPU, 100, 28, 10935, 12227, 87, 100.36, [N/A], 2295, 9001, P4, Not Active, Active, Not Active
2026/09/24 11:00:33.439, NVIDIA GeForce RTX 5070 Ti Laptop GPU, 100, 28, 10935, 12227, 87, 100.11, [N/A], 2295, 9001, P4, Not Active, Active, Not Active
2026/09/24 11:00:34.453, NVIDIA GeForce RTX 5070 Ti Laptop GPU, 100, 28, 10935, 12227, 87, 100.25, [N/A], 2295, 9001, P4, Not Active, Active, Not Active
2026/09/24 11:00:35.462, NVIDIA GeForce RTX 5070 Ti Laptop GPU, 100, 28, 10935, 12227, 87, 100.26, [N/A], 2295, 9001, P4, Not Active, Active, Not Active
2026/09/24 11:00:36.476, NVIDIA GeForce RTX 5070 Ti Laptop GPU, 100, 28, 10935, 12227, 87, 100.28, [N/A], 2295, 9001, P4, Not Active, Active, Not Active
2026/09/24 11:00:37.490, NVIDIA GeForce RTX 5070 Ti Laptop GPU, 100, 28, 10935, 12227, 87, 100.23, [N/A], 2295, 9001, P4, Not Active, Active, Not Active
2026/09/24 11:00:38.505, NVIDIA GeForce RTX 5070 Ti Laptop GPU, 100, 28, 10935, 12227, 87, 100.14, [N/A], 2295, 9001, P4, Not Active, Active, Not Active
2026/09/24 11:00:39.521, NVIDIA GeForce RTX 5070 Ti Laptop GPU, 100, 28, 10935, 12227, 87, 100.19, [N/A], 2295, 9001, P4, Not Active, Active, Not Active
2026/09/24 11:00:40.521, NVIDIA GeForce RTX 5070 Ti Laptop GPU, 100, 28, 10935, 12227, 87, 100.24, [N/A], 2295, 9001, P4, Not Active, Active, Not Active
2026/09/24 11:00:41.536, NVIDIA GeForce RTX 5070 Ti Laptop GPU, 100, 28, 10935, 12227, 87, 100.20, [N/A], 2295, 9001, P4, Not Active, Active, Not Active
2026/09/24 11:00:42.548, NVIDIA GeForce RTX 5070 Ti Laptop GPU, 100, 28, 10935, 12227, 87, 100.17, [N/A], 2295, 9001, P4, Not Active, Active, Not Active
2026/09/24 11:00:43.563, NVIDIA GeForce RTX 5070 Ti Laptop GPU, 100, 28, 10935, 12227, 87, 100.20, [N/A], 2295, 9001, P4, Not Active, Active, Not Active
2026/09/24 11:00:44.577, NVIDIA GeForce RTX 5070 Ti Laptop GPU, 100, 28, 10935, 12227, 87, 100.28, [N/A], 2295, 9001, P4, Not Active, Active, Not Active
2026/09/24 11:00:45.589, NVIDIA GeForce RTX 5070 Ti Laptop GPU, 100, 28, 10935, 12227, 87, 100.24, [N/A], 2295, 9001, P4, Not Active, Active, Not Active
2026/09/24 11:00:46.602, NVIDIA GeForce RTX 5070 Ti Laptop GPU, 100, 28, 10935, 12227, 87, 100.23, [N/A], 2295, 9001, P4, Not Active, Active, Not Active
2026/09/24 11:00:47.606, NVIDIA GeForce RTX 5070 Ti Laptop GPU, 100, 28, 10935, 12227, 87, 100.26, [N/A], 2295, 9001, P4, Not Active, Active, Not Active
2026/09/24 11:00:48.620, NVIDIA GeForce RTX 5070 Ti Laptop GPU, 100, 28, 10935, 12227, 87, 100.28, [N/A], 2295, 9001, P4, Not Active, Active, Not Active
2026/09/24 11:00:49.621, NVIDIA GeForce RTX 5070 Ti Laptop GPU, 100, 28, 10935, 12227, 87, 100.33, [N/A], 2295, 9001, P4, Not Active, Active, Not Active
2026/09/24 11:00:50.632, NVIDIA GeForce RTX 5070 Ti Laptop GPU, 100, 28, 10935, 12227, 87, 100.25, [N/A], 2295, 9001, P4, Not Active, Active, Not Active
2026/09/24 11:00:51.634, NVIDIA GeForce RTX 5070 Ti Laptop GPU, 100, 28, 10935, 12227, 87, 100.31, [N/A], 2295, 9001, P4, Not Active, Active, Not Active
2026/09/24 11:00:52.647, NVIDIA GeForce RTX 5070 Ti Laptop GPU, 100, 28, 10935, 12227, 87, 100.39, [N/A], 2295, 9001, P4, Not Active, Active, Not Active
2026/09/24 11:00:53.649, NVIDIA GeForce RTX 5070 Ti Laptop GPU, 100, 28, 10935, 12227, 87, 100.43, [N/A], 2295, 9001, P4, Not Active, Active, Not Active
2026/09/24 11:00:54.659, NVIDIA GeForce RTX 5070 Ti Laptop GPU, 100, 28, 10935, 12227, 87, 100.37, [N/A], 2287, 9001, P4, Not Active, Active, Not Active
2026/09/24 11:00:55.674, NVIDIA GeForce RTX 5070 Ti Laptop GPU, 100, 27, 10935, 12227, 86, 95.69, [N/A], 2242, 9001, P4, Not Active, Active, Not Active
2026/09/24 11:00:56.676, NVIDIA GeForce RTX 5070 Ti Laptop GPU, 100, 28, 10935, 12227, 87, 95.50, [N/A], 2242, 9001, P4, Not Active, Active, Not Active
2026/09/24 11:00:57.688, NVIDIA GeForce RTX 5070 Ti Laptop GPU, 100, 27, 10935, 12227, 86, 95.50, [N/A], 2242, 9001, P4, Not Active, Active, Not Active
2026/09/24 11:00:58.697, NVIDIA GeForce RTX 5070 Ti Laptop GPU, 100, 27, 10935, 12227, 86, 95.46, [N/A], 2242, 9001, P4, Not Active, Active, Not Active
2026/09/24 11:00:59.700, NVIDIA GeForce RTX 5070 Ti Laptop GPU, 100, 27, 10935, 12227, 86, 95.39, [N/A], 2242, 9001, P4, Not Active, Active, Not Active
2026/09/24 11:01:00.701, NVIDIA GeForce RTX 5070 Ti Laptop GPU, 100, 27, 10935, 12227, 86, 95.37, [N/A], 2235, 9001, P4, Not Active, Active, Not Active
2026/09/24 11:01:01.713, NVIDIA GeForce RTX 5070 Ti Laptop GPU, 100, 27, 10935, 12227, 86, 95.49, [N/A], 2242, 9001, P4, Not Active, Active, Not Active
2026/09/24 11:01:02.724, NVIDIA GeForce RTX 5070 Ti Laptop GPU, 100, 27, 10935, 12227, 86, 95.41, [N/A], 2242, 9001, P4, Not Active, Active, Not Active
2026/09/24 11:01:03.740, NVIDIA GeForce RTX 5070 Ti Laptop GPU, 100, 27, 10935, 12227, 86, 95.36, [N/A], 2242, 9001, P4, Not Active, Active, Not Active
2026/09/24 11:01:04.755, NVIDIA GeForce RTX 5070 Ti Laptop GPU, 100, 27, 10935, 12227, 86, 95.36, [N/A], 2242, 9001, P4, Not Active, Active, Not Active
2026/09/24 11:01:05.765, NVIDIA GeForce RTX 5070 Ti Laptop GPU, 100, 28, 10935, 12227, 86, 95.44, [N/A], 2242, 9001, P4, Not Active, Active, Not Active
2026/09/24 11:01:06.767, NVIDIA GeForce RTX 5070 Ti Laptop GPU, 100, 27, 10935, 12227, 86, 95.55, [N/A], 2242, 9001, P4, Not Active, Active, Not Active
2026/09/24 11:01:07.782, NVIDIA GeForce RTX 5070 Ti Laptop GPU, 100, 27, 10935, 12227, 86, 95.37, [N/A], 2242, 9001, P4, Not Active, Active, Not Active
2026/09/24 11:01:08.795, NVIDIA GeForce RTX 5070 Ti Laptop GPU, 100, 27, 10935, 12227, 86, 95.35, [N/A], 2242, 9001, P4, Not Active, Active, Not Active
2026/09/24 11:01:09.797, NVIDIA GeForce RTX 5070 Ti Laptop GPU, 100, 28, 10935, 12227, 86, 95.45, [N/A], 2242, 9001, P4, Not Active, Active, Not Active
2026/09/24 11:01:10.800, NVIDIA GeForce RTX 5070 Ti Laptop GPU, 100, 28, 10935, 12227, 86, 95.57, [N/A], 2242, 9001, P4, Not Active, Active, Not Active
2026/09/24 11:01:11.814, NVIDIA GeForce RTX 5070 Ti Laptop GPU, 100, 27, 10935, 12227, 86, 95.36, [N/A], 2242, 9001, P4, Not Active, Active, Not Active
2026/09/24 11:01:12.827, NVIDIA GeForce RTX 5070 Ti Laptop GPU, 100, 28, 10935, 12227, 86, 95.41, [N/A], 2242, 9001, P4, Not Active, Active, Not Active
2026/09/24 11:01:13.839, NVIDIA GeForce RTX 5070 Ti Laptop GPU, 100, 28, 10935, 12227, 86, 95.43, [N/A], 2242, 9001, P4, Not Active, Active, Not Active
2026/09/24 11:01:14.849, NVIDIA GeForce RTX 5070 Ti Laptop GPU, 100, 27, 10935, 12227, 86, 95.46, [N/A], 2242, 9001, P4, Not Active, Active, Not Active
2026/09/24 11:01:15.860, NVIDIA GeForce RTX 5070 Ti Laptop GPU, 100, 27, 10935, 12227, 86, 95.40, [N/A], 2242, 9001, P4, Not Active, Active, Not Active
2026/09/24 11:01:16.863, NVIDIA GeForce RTX 5070 Ti Laptop GPU, 100, 27, 10935, 12227, 86, 95.39, [N/A], 2242, 9001, P4, Not Active, Active, Not Active
2026/09/24 11:01:17.873, NVIDIA GeForce RTX 5070 Ti Laptop GPU, 100, 27, 10935, 12227, 86, 95.38, [N/A], 2242, 9001, P4, Not Active, Active, Not Active
2026/09/24 11:01:18.885, NVIDIA GeForce RTX 5070 Ti Laptop GPU, 100, 28, 10935, 12227, 86, 95.48, [N/A], 2242, 9001, P4, Not Active, Active, Not Active
2026/09/24 11:01:19.895, NVIDIA GeForce RTX 5070 Ti Laptop GPU, 100, 27, 10935, 12227, 86, 95.45, [N/A], 2242, 9001, P4, Not Active, Active, Not Active
2026/09/24 11:01:20.903, NVIDIA GeForce RTX 5070 Ti Laptop GPU, 100, 27, 10935, 12227, 86, 95.41, [N/A], 2242, 9001, P4, Not Active, Active, Not Active
2026/09/24 11:01:21.916, NVIDIA GeForce RTX 5070 Ti Laptop GPU, 100, 27, 10935, 12227, 86, 95.36, [N/A], 2242, 9001, P4, Not Active, Active, Not Active
2026/09/24 11:01:22.929, NVIDIA GeForce RTX 5070 Ti Laptop GPU, 100, 27, 10935, 12227, 86, 95.51, [N/A], 2242, 9001, P4, Not Active, Active, Not Active
2026/09/24 11:01:23.930, NVIDIA GeForce RTX 5070 Ti Laptop GPU, 100, 27, 10935, 12227, 86, 95.66, [N/A], 2242, 9001, P4, Not Active, Active, Not Active
2026/09/24 11:01:24.945, NVIDIA GeForce RTX 5070 Ti Laptop GPU, 100, 27, 10935, 12227, 87, 95.51, [N/A], 2242, 9001, P4, Not Active, Active, Not Active
2026/09/24 11:01:25.960, NVIDIA GeForce RTX 5070 Ti Laptop GPU, 100, 27, 10935, 12227, 87, 95.53, [N/A], 2242, 9001, P4, Not Active, Active, Not Active
2026/09/24 11:01:26.974, NVIDIA GeForce RTX 5070 Ti Laptop GPU, 100, 28, 10935, 12227, 87, 95.63, [N/A], 2242, 9001, P4, Not Active, Active, Not Active
2026/09/24 11:01:27.975, NVIDIA GeForce RTX 5070 Ti Laptop GPU, 100, 28, 10935, 12227, 87, 95.52, [N/A], 2242, 9001, P4, Not Active, Active, Not Active
2026/09/24 11:01:28.986, NVIDIA GeForce RTX 5070 Ti Laptop GPU, 100, 27, 10935, 12227, 87, 95.49, [N/A], 2242, 9001, P4, Not Active, Active, Not Active
2026/09/24 11:01:29.993, NVIDIA GeForce RTX 5070 Ti Laptop GPU, 100, 27, 10935, 12227, 87, 95.41, [N/A], 2235, 9001, P4, Not Active, Active, Not Active
2026/09/24 11:01:31.002, NVIDIA GeForce RTX 5070 Ti Laptop GPU, 100, 27, 10935, 12227, 87, 95.47, [N/A], 2235, 9001, P4, Not Active, Active, Not Active
2026/09/24 11:01:32.011, NVIDIA GeForce RTX 5070 Ti Laptop GPU, 100, 27, 10935, 12227, 87, 95.43, [N/A], 2235, 9001, P4, Not Active, Active, Not Active
2026/09/24 11:01:33.021, NVIDIA GeForce RTX 5070 Ti Laptop GPU, 100, 27, 10935, 12227, 87, 95.44, [N/A], 2242, 9001, P4, Not Active, Active, Not Active
2026/09/24 11:01:34.026, NVIDIA GeForce RTX 5070 Ti Laptop GPU, 100, 27, 10935, 12227, 87, 95.44, [N/A], 2242, 9001, P4, Not Active, Active, Not Active
2026/09/24 11:01:35.037, NVIDIA GeForce RTX 5070 Ti Laptop GPU, 100, 27, 10935, 12227, 87, 95.47, [N/A], 2235, 9001, P4, Not Active, Active, Not Active
2026/09/24 11:01:36.053, NVIDIA GeForce RTX 5070 Ti Laptop GPU, 100, 27, 10935, 12227, 87, 95.49, [N/A], 2242, 9001, P4, Not Active, Active, Not Active
2026/09/24 11:01:37.061, NVIDIA GeForce RTX 5070 Ti Laptop GPU, 100, 28, 10935, 12227, 87, 95.65, [N/A], 2242, 9001, P4, Not Active, Active, Not Active
2026/09/24 11:01:38.075, NVIDIA GeForce RTX 5070 Ti Laptop GPU, 100, 27, 10935, 12227, 87, 95.52, [N/A], 2235, 9001, P4, Not Active, Active, Not Active
2026/09/24 11:01:39.087, NVIDIA GeForce RTX 5070 Ti Laptop GPU, 100, 27, 10935, 12227, 87, 95.49, [N/A], 2242, 9001, P4, Not Active, Active, Not Active
2026/09/24 11:01:40.099, NVIDIA GeForce RTX 5070 Ti Laptop GPU, 100, 27, 10935, 12227, 87, 95.50, [N/A], 2235, 9001, P4, Not Active, Active, Not Active
2026/09/24 11:01:41.102, NVIDIA GeForce RTX 5070 Ti Laptop GPU, 100, 27, 10935, 12227, 87, 95.55, [N/A], 2242, 9001, P4, Not Active, Active, Not Active
2026/09/24 11:01:42.117, NVIDIA GeForce RTX 5070 Ti Laptop GPU, 100, 27, 10935, 12227, 87, 95.49, [N/A], 2235, 9001, P4, Not Active, Active, Not Active
2026/09/24 11:01:43.117, NVIDIA GeForce RTX 5070 Ti Laptop GPU, 100, 27, 10935, 12227, 87, 95.36, [N/A], 2235, 9001, P4, Not Active, Active, Not Active
2026/09/24 11:01:44.132, NVIDIA GeForce RTX 5070 Ti Laptop GPU, 100, 27, 10935, 12227, 87, 95.43, [N/A], 2235, 9001, P4, Not Active, Active, Not Active
2026/09/24 11:01:45.135, NVIDIA GeForce RTX 5070 Ti Laptop GPU, 100, 27, 10935, 12227, 87, 95.44, [N/A], 2235, 9001, P4, Not Active, Active, Not Active
2026/09/24 11:01:46.147, NVIDIA GeForce RTX 5070 Ti Laptop GPU, 100, 27, 10935, 12227, 87, 95.32, [N/A], 2235, 9001, P4, Not Active, Active, Not Active
2026/09/24 11:01:47.159, NVIDIA GeForce RTX 5070 Ti Laptop GPU, 100, 27, 10935, 12227, 87, 95.28, [N/A], 2235, 9001, P4, Not Active, Active, Not Active
2026/09/24 11:01:48.174, NVIDIA GeForce RTX 5070 Ti Laptop GPU, 100, 27, 10935, 12227, 87, 95.37, [N/A], 2235, 9001, P4, Not Active, Active, Not Active
2026/09/24 11:01:49.176, NVIDIA GeForce RTX 5070 Ti Laptop GPU, 100, 26, 10935, 12227, 87, 93.94, [N/A], 2137, 9001, P4, Not Active, Active, Not Active
2026/09/24 11:01:50.190, NVIDIA GeForce RTX 5070 Ti Laptop GPU, 100, 26, 10935, 12227, 87, 90.01, [N/A], 2145, 9001, P4, Not Active, Active, Not Active
2026/09/24 11:01:51.202, NVIDIA GeForce RTX 5070 Ti Laptop GPU, 100, 26, 10935, 12227, 86, 89.97, [N/A], 2145, 9001, P4, Not Active, Active, Not Active
2026/09/24 11:01:52.216, NVIDIA GeForce RTX 5070 Ti Laptop GPU, 100, 26, 10935, 12227, 86, 90.02, [N/A], 2145, 9001, P4, Not Active, Active, Not Active
2026/09/24 11:01:53.222, NVIDIA GeForce RTX 5070 Ti Laptop GPU, 100, 26, 10935, 12227, 86, 89.99, [N/A], 2145, 9001, P4, Not Active, Active, Not Active
2026/09/24 11:01:54.232, NVIDIA GeForce RTX 5070 Ti Laptop GPU, 100, 26, 10935, 12227, 87, 90.03, [N/A], 2145, 9001, P4, Not Active, Active, Not Active
2026/09/24 11:01:55.246, NVIDIA GeForce RTX 5070 Ti Laptop GPU, 100, 26, 10935, 12227, 87, 90.03, [N/A], 2145, 9001, P4, Not Active, Active, Not Active
2026/09/24 11:01:56.260, NVIDIA GeForce RTX 5070 Ti Laptop GPU, 100, 26, 10935, 12227, 87, 90.08, [N/A], 2137, 9001, P4, Not Active, Active, Not Active
2026/09/24 11:01:57.276, NVIDIA GeForce RTX 5070 Ti Laptop GPU, 100, 26, 10935, 12227, 87, 90.00, [N/A], 2145, 9001, P4, Not Active, Active, Not Active
2026/09/24 11:01:58.290, NVIDIA GeForce RTX 5070 Ti Laptop GPU, 100, 26, 10935, 12227, 87, 90.04, [N/A], 2145, 9001, P4, Not Active, Active, Not Active
2026/09/24 11:01:59.293, NVIDIA GeForce RTX 5070 Ti Laptop GPU, 100, 26, 10935, 12227, 87, 90.00, [N/A], 2145, 9001, P4, Not Active, Active, Not Active
2026/09/24 11:02:00.295, NVIDIA GeForce RTX 5070 Ti Laptop GPU, 100, 26, 10935, 12227, 86, 89.99, [N/A], 2145, 9001, P4, Not Active, Active, Not Active
2026/09/24 11:02:01.310, NVIDIA GeForce RTX 5070 Ti Laptop GPU, 100, 26, 10935, 12227, 86, 90.06, [N/A], 2145, 9001, P4, Not Active, Active, Not Active
2026/09/24 11:02:02.322, NVIDIA GeForce RTX 5070 Ti Laptop GPU, 100, 26, 10935, 12227, 86, 89.96, [N/A], 2145, 9001, P4, Not Active, Active, Not Active
2026/09/24 11:02:03.328, NVIDIA GeForce RTX 5070 Ti Laptop GPU, 100, 26, 10935, 12227, 86, 90.01, [N/A], 2145, 9001, P4, Not Active, Active, Not Active
2026/09/24 11:02:04.344, NVIDIA GeForce RTX 5070 Ti Laptop GPU, 100, 26, 10935, 12227, 86, 89.95, [N/A], 2145, 9001, P4, Not Active, Active, Not Active
2026/09/24 11:02:05.358, NVIDIA GeForce RTX 5070 Ti Laptop GPU, 100, 26, 10935, 12227, 86, 89.91, [N/A], 2145, 9001, P4, Not Active, Active, Not Active
2026/09/24 11:02:06.372, NVIDIA GeForce RTX 5070 Ti Laptop GPU, 100, 26, 10935, 12227, 86, 90.05, [N/A], 2152, 9001, P4, Not Active, Active, Not Active
2026/09/24 11:02:07.385, NVIDIA GeForce RTX 5070 Ti Laptop GPU, 100, 26, 10935, 12227, 86, 90.08, [N/A], 2152, 9001, P4, Not Active, Active, Not Active
2026/09/24 11:02:08.393, NVIDIA GeForce RTX 5070 Ti Laptop GPU, 100, 26, 10935, 12227, 86, 90.03, [N/A], 2152, 9001, P4, Not Active, Active, Not Active
2026/09/24 11:02:09.395, NVIDIA GeForce RTX 5070 Ti Laptop GPU, 100, 26, 10935, 12227, 86, 90.07, [N/A], 2152, 9001, P4, Not Active, Active, Not Active
2026/09/24 11:02:10.403, NVIDIA GeForce RTX 5070 Ti Laptop GPU, 100, 26, 10935, 12227, 86, 90.13, [N/A], 2152, 9001, P4, Not Active, Active, Not Active
2026/09/24 11:02:11.417, NVIDIA GeForce RTX 5070 Ti Laptop GPU, 100, 27, 10935, 12227, 86, 90.10, [N/A], 2152, 9001, P4, Not Active, Active, Not Active
2026/09/24 11:02:12.430, NVIDIA GeForce RTX 5070 Ti Laptop GPU, 100, 27, 10935, 12227, 87, 93.62, [N/A], 2235, 9001, P4, Not Active, Active, Not Active
2026/09/24 11:02:13.445, NVIDIA GeForce RTX 5070 Ti Laptop GPU, 100, 27, 10935, 12227, 87, 95.41, [N/A], 2235, 9001, P4, Not Active, Active, Not Active
2026/09/24 11:02:14.460, NVIDIA GeForce RTX 5070 Ti Laptop GPU, 100, 27, 10935, 12227, 87, 95.27, [N/A], 2235, 9001, P4, Not Active, Active, Not Active
2026/09/24 11:02:15.474, NVIDIA GeForce RTX 5070 Ti Laptop GPU, 100, 27, 10935, 12227, 87, 95.31, [N/A], 2235, 9001, P4, Not Active, Active, Not Active
2026/09/24 11:02:16.485, NVIDIA GeForce RTX 5070 Ti Laptop GPU, 100, 27, 10935, 12227, 87, 95.30, [N/A], 2235, 9001, P4, Not Active, Active, Not Active
2026/09/24 11:02:17.499, NVIDIA GeForce RTX 5070 Ti Laptop GPU, 100, 27, 10935, 12227, 87, 95.38, [N/A], 2242, 9001, P4, Not Active, Active, Not Active
2026/09/24 11:02:18.512, NVIDIA GeForce RTX 5070 Ti Laptop GPU, 100, 28, 10935, 12227, 87, 95.31, [N/A], 2235, 9001, P4, Not Active, Active, Not Active
2026/09/24 11:02:19.525, NVIDIA GeForce RTX 5070 Ti Laptop GPU, 100, 27, 10935, 12227, 87, 95.40, [N/A], 2235, 9001, P4, Not Active, Active, Not Active
2026/09/24 11:02:20.538, NVIDIA GeForce RTX 5070 Ti Laptop GPU, 100, 27, 10935, 12227, 87, 95.21, [N/A], 2235, 9001, P4, Not Active, Active, Not Active
2026/09/24 11:02:21.539, NVIDIA GeForce RTX 5070 Ti Laptop GPU, 100, 27, 10935, 12227, 87, 95.35, [N/A], 2242, 9001, P4, Not Active, Active, Not Active
2026/09/24 11:02:22.553, NVIDIA GeForce RTX 5070 Ti Laptop GPU, 100, 27, 10935, 12227, 87, 95.37, [N/A], 2235, 9001, P4, Not Active, Active, Not Active
2026/09/24 11:02:23.566, NVIDIA GeForce RTX 5070 Ti Laptop GPU, 100, 27, 10935, 12227, 87, 95.32, [N/A], 2235, 9001, P4, Not Active, Active, Not Active
2026/09/24 11:02:24.571, NVIDIA GeForce RTX 5070 Ti Laptop GPU, 100, 27, 10935, 12227, 87, 95.36, [N/A], 2235, 9001, P4, Not Active, Active, Not Active
2026/09/24 11:02:25.586, NVIDIA GeForce RTX 5070 Ti Laptop GPU, 100, 27, 10935, 12227, 87, 95.43, [N/A], 2242, 9001, P4, Not Active, Active, Not Active
2026/09/24 11:02:26.597, NVIDIA GeForce RTX 5070 Ti Laptop GPU, 100, 27, 10935, 12227, 87, 95.34, [N/A], 2235, 9001, P4, Not Active, Active, Not Active
2026/09/24 11:02:27.610, NVIDIA GeForce RTX 5070 Ti Laptop GPU, 100, 27, 10935, 12227, 87, 95.40, [N/A], 2235, 9001, P4, Not Active, Active, Not Active
2026/09/24 11:02:28.622, NVIDIA GeForce RTX 5070 Ti Laptop GPU, 100, 27, 10935, 12227, 87, 95.50, [N/A], 2235, 9001, P4, Not Active, Active, Not Active
2026/09/24 11:02:29.637, NVIDIA GeForce RTX 5070 Ti Laptop GPU, 100, 27, 10935, 12227, 87, 95.41, [N/A], 2235, 9001, P4, Not Active, Active, Not Active
2026/09/24 11:02:30.648, NVIDIA GeForce RTX 5070 Ti Laptop GPU, 100, 27, 10935, 12227, 87, 95.37, [N/A], 2235, 9001, P4, Not Active, Active, Not Active
2026/09/24 11:02:31.655, NVIDIA GeForce RTX 5070 Ti Laptop GPU, 100, 27, 10935, 12227, 87, 95.24, [N/A], 2227, 9001, P4, Not Active, Active, Not Active
2026/09/24 11:02:32.670, NVIDIA GeForce RTX 5070 Ti Laptop GPU, 100, 27, 10935, 12227, 87, 95.36, [N/A], 2235, 9001, P4, Not Active, Active, Not Active
2026/09/24 11:02:33.685, NVIDIA GeForce RTX 5070 Ti Laptop GPU, 100, 27, 10935, 12227, 87, 95.39, [N/A], 2235, 9001, P4, Not Active, Active, Not Active
2026/09/24 11:02:34.698, NVIDIA GeForce RTX 5070 Ti Laptop GPU, 100, 27, 10935, 12227, 87, 95.32, [N/A], 2235, 9001, P4, Not Active, Active, Not Active
2026/09/24 11:02:35.707, NVIDIA GeForce RTX 5070 Ti Laptop GPU, 100, 27, 10935, 12227, 87, 95.08, [N/A], 2227, 9001, P4, Not Active, Active, Not Active
2026/09/24 11:02:36.722, NVIDIA GeForce RTX 5070 Ti Laptop GPU, 100, 27, 10935, 12227, 87, 95.18, [N/A], 2227, 9001, P4, Not Active, Active, Not Active
2026/09/24 11:02:37.736, NVIDIA GeForce RTX 5070 Ti Laptop GPU, 100, 27, 10935, 12227, 87, 92.59, [N/A], 2160, 9001, P4, Not Active, Active, Not Active
2026/09/24 11:02:38.737, NVIDIA GeForce RTX 5070 Ti Laptop GPU, 100, 26, 10935, 12227, 86, 90.53, [N/A], 2152, 9001, P4, Not Active, Active, Not Active
2026/09/24 11:02:39.738, NVIDIA GeForce RTX 5070 Ti Laptop GPU, 100, 26, 10935, 12227, 87, 90.47, [N/A], 2160, 9001, P4, Not Active, Active, Not Active
2026/09/24 11:02:40.739, NVIDIA GeForce RTX 5070 Ti Laptop GPU, 100, 26, 10935, 12227, 86, 90.59, [N/A], 2160, 9001, P4, Not Active, Active, Not Active
2026/09/24 11:02:41.740, NVIDIA GeForce RTX 5070 Ti Laptop GPU, 100, 26, 10935, 12227, 87, 90.56, [N/A], 2152, 9001, P4, Not Active, Active, Not Active
2026/09/24 11:02:42.743, NVIDIA GeForce RTX 5070 Ti Laptop GPU, 100, 26, 10935, 12227, 87, 90.61, [N/A], 2152, 9001, P4, Not Active, Active, Not Active
2026/09/24 11:02:43.755, NVIDIA GeForce RTX 5070 Ti Laptop GPU, 100, 27, 10935, 12227, 86, 90.41, [N/A], 2152, 9001, P4, Not Active, Active, Not Active
2026/09/24 11:02:44.767, NVIDIA GeForce RTX 5070 Ti Laptop GPU, 100, 26, 10935, 12227, 86, 90.54, [N/A], 2152, 9001, P4, Not Active, Active, Not Active
2026/09/24 11:02:45.772, NVIDIA GeForce RTX 5070 Ti Laptop GPU, 100, 26, 10935, 12227, 86, 90.59, [N/A], 2160, 9001, P4, Not Active, Active, Not Active
2026/09/24 11:02:46.772, NVIDIA GeForce RTX 5070 Ti Laptop GPU, 100, 26, 10935, 12227, 86, 90.61, [N/A], 2160, 9001, P4, Not Active, Active, Not Active
2026/09/24 11:02:47.784, NVIDIA GeForce RTX 5070 Ti Laptop GPU, 100, 26, 10935, 12227, 86, 90.46, [N/A], 2160, 9001, P4, Not Active, Active, Not Active
2026/09/24 11:02:48.797, NVIDIA GeForce RTX 5070 Ti Laptop GPU, 100, 26, 10935, 12227, 87, 90.51, [N/A], 2160, 9001, P4, Not Active, Active, Not Active
2026/09/24 11:02:49.812, NVIDIA GeForce RTX 5070 Ti Laptop GPU, 100, 26, 10935, 12227, 87, 90.60, [N/A], 2152, 9001, P4, Not Active, Active, Not Active
2026/09/24 11:02:50.826, NVIDIA GeForce RTX 5070 Ti Laptop GPU, 100, 26, 10935, 12227, 86, 90.54, [N/A], 2152, 9001, P4, Not Active, Active, Not Active
2026/09/24 11:02:51.838, NVIDIA GeForce RTX 5070 Ti Laptop GPU, 100, 26, 10935, 12227, 87, 90.58, [N/A], 2160, 9001, P4, Not Active, Active, Not Active
2026/09/24 11:02:52.853, NVIDIA GeForce RTX 5070 Ti Laptop GPU, 100, 26, 10935, 12227, 86, 90.39, [N/A], 2152, 9001, P4, Not Active, Active, Not Active
2026/09/24 11:02:53.855, NVIDIA GeForce RTX 5070 Ti Laptop GPU, 100, 26, 10935, 12227, 87, 90.66, [N/A], 2152, 9001, P4, Not Active, Active, Not Active
2026/09/24 11:02:54.870, NVIDIA GeForce RTX 5070 Ti Laptop GPU, 100, 26, 10935, 12227, 87, 90.76, [N/A], 2160, 9001, P4, Not Active, Active, Not Active
2026/09/24 11:02:55.877, NVIDIA GeForce RTX 5070 Ti Laptop GPU, 100, 26, 10935, 12227, 87, 90.71, [N/A], 2152, 9001, P4, Not Active, Active, Not Active
2026/09/24 11:02:56.888, NVIDIA GeForce RTX 5070 Ti Laptop GPU, 100, 26, 10935, 12227, 87, 90.63, [N/A], 2160, 9001, P4, Not Active, Active, Not Active
2026/09/24 11:02:57.892, NVIDIA GeForce RTX 5070 Ti Laptop GPU, 100, 26, 10935, 12227, 87, 90.64, [N/A], 2160, 9001, P4, Not Active, Active, Not Active
2026/09/24 11:02:58.902, NVIDIA GeForce RTX 5070 Ti Laptop GPU, 100, 27, 10935, 12227, 87, 90.74, [N/A], 2152, 9001, P4, Not Active, Active, Not Active
2026/09/24 11:02:59.913, NVIDIA GeForce RTX 5070 Ti Laptop GPU, 100, 26, 10935, 12227, 87, 90.80, [N/A], 2152, 9001, P4, Not Active, Active, Not Active
2026/09/24 11:03:00.925, NVIDIA GeForce RTX 5070 Ti Laptop GPU, 100, 26, 10935, 12227, 87, 90.70, [N/A], 2152, 9001, P4, Not Active, Active, Not Active
2026/09/24 11:03:01.937, NVIDIA GeForce RTX 5070 Ti Laptop GPU, 100, 26, 10935, 12227, 87, 90.55, [N/A], 2152, 9001, P4, Not Active, Active, Not Active
2026/09/24 11:03:02.951, NVIDIA GeForce RTX 5070 Ti Laptop GPU, 100, 26, 10935, 12227, 87, 90.70, [N/A], 2152, 9001, P4, Not Active, Active, Not Active
2026/09/24 11:03:03.964, NVIDIA GeForce RTX 5070 Ti Laptop GPU, 100, 26, 10935, 12227, 87, 90.74, [N/A], 2152, 9001, P4, Not Active, Active, Not Active
2026/09/24 11:03:04.975, NVIDIA GeForce RTX 5070 Ti Laptop GPU, 100, 27, 10935, 12227, 87, 90.71, [N/A], 2152, 9001, P4, Not Active, Active, Not Active
2026/09/24 11:03:05.988, NVIDIA GeForce RTX 5070 Ti Laptop GPU, 100, 26, 10935, 12227, 87, 90.65, [N/A], 2160, 9001, P4, Not Active, Active, Not Active
2026/09/24 11:03:07.003, NVIDIA GeForce RTX 5070 Ti Laptop GPU, 100, 26, 10935, 12227, 87, 90.63, [N/A], 2152, 9001, P4, Not Active, Active, Not Active
2026/09/24 11:03:08.018, NVIDIA GeForce RTX 5070 Ti Laptop GPU, 100, 26, 10935, 12227, 87, 90.72, [N/A], 2152, 9001, P4, Not Active, Active, Not Active
2026/09/24 11:03:09.021, NVIDIA GeForce RTX 5070 Ti Laptop GPU, 100, 26, 10935, 12227, 87, 90.75, [N/A], 2152, 9001, P4, Not Active, Active, Not Active
2026/09/24 11:03:10.021, NVIDIA GeForce RTX 5070 Ti Laptop GPU, 100, 26, 10935, 12227, 87, 90.71, [N/A], 2152, 9001, P4, Not Active, Active, Not Active
2026/09/24 11:03:11.034, NVIDIA GeForce RTX 5070 Ti Laptop GPU, 100, 26, 10935, 12227, 87, 90.60, [N/A], 2152, 9001, P4, Not Active, Active, Not Active
2026/09/24 11:03:12.045, NVIDIA GeForce RTX 5070 Ti Laptop GPU, 100, 26, 10935, 12227, 87, 90.73, [N/A], 2152, 9001, P4, Not Active, Active, Not Active
2026/09/24 11:03:13.056, NVIDIA GeForce RTX 5070 Ti Laptop GPU, 100, 26, 10935, 12227, 87, 90.78, [N/A], 2152, 9001, P4, Not Active, Active, Not Active
2026/09/24 11:03:14.069, NVIDIA GeForce RTX 5070 Ti Laptop GPU, 100, 26, 10935, 12227, 87, 90.73, [N/A], 2152, 9001, P4, Not Active, Active, Not Active
2026/09/24 11:03:15.070, NVIDIA GeForce RTX 5070 Ti Laptop GPU, 100, 26, 10935, 12227, 87, 90.68, [N/A], 2160, 9001, P4, Not Active, Active, Not Active
2026/09/24 11:03:16.078, NVIDIA GeForce RTX 5070 Ti Laptop GPU, 100, 26, 10935, 12227, 87, 90.65, [N/A], 2152, 9001, P4, Not Active, Active, Not Active
2026/09/24 11:03:17.092, NVIDIA GeForce RTX 5070 Ti Laptop GPU, 100, 26, 10935, 12227, 87, 90.74, [N/A], 2152, 9001, P4, Not Active, Active, Not Active
2026/09/24 11:03:18.092, NVIDIA GeForce RTX 5070 Ti Laptop GPU, 100, 26, 10935, 12227, 87, 90.70, [N/A], 2152, 9001, P4, Not Active, Active, Not Active
2026/09/24 11:03:19.099, NVIDIA GeForce RTX 5070 Ti Laptop GPU, 100, 26, 10935, 12227, 87, 90.68, [N/A], 2160, 9001, P4, Not Active, Active, Not Active
2026/09/24 11:03:20.112, NVIDIA GeForce RTX 5070 Ti Laptop GPU, 100, 26, 10935, 12227, 87, 90.67, [N/A], 2152, 9001, P4, Not Active, Active, Not Active
2026/09/24 11:03:21.126, NVIDIA GeForce RTX 5070 Ti Laptop GPU, 100, 26, 10935, 12227, 87, 90.65, [N/A], 2152, 9001, P4, Not Active, Active, Not Active
2026/09/24 11:03:22.139, NVIDIA GeForce RTX 5070 Ti Laptop GPU, 100, 26, 10935, 12227, 87, 90.72, [N/A], 2152, 9001, P4, Not Active, Active, Not Active
2026/09/24 11:03:23.154, NVIDIA GeForce RTX 5070 Ti Laptop GPU, 100, 26, 10935, 12227, 87, 90.73, [N/A], 2160, 9001, P4, Not Active, Active, Not Active
2026/09/24 11:03:24.169, NVIDIA GeForce RTX 5070 Ti Laptop GPU, 100, 25, 10935, 12227, 86, 89.24, [N/A], 2085, 9001, P4, Not Active, Active, Not Active
2026/09/24 11:03:25.174, NVIDIA GeForce RTX 5070 Ti Laptop GPU, 100, 25, 10935, 12227, 86, 85.07, [N/A], 2077, 9001, P4, Not Active, Active, Not Active
2026/09/24 11:03:26.187, NVIDIA GeForce RTX 5070 Ti Laptop GPU, 100, 26, 10935, 12227, 86, 84.99, [N/A], 2077, 9001, P4, Not Active, Active, Not Active
2026/09/24 11:03:27.188, NVIDIA GeForce RTX 5070 Ti Laptop GPU, 100, 25, 10935, 12227, 86, 85.13, [N/A], 2077, 9001, P4, Not Active, Active, Not Active
2026/09/24 11:03:28.200, NVIDIA GeForce RTX 5070 Ti Laptop GPU, 100, 25, 10935, 12227, 86, 84.94, [N/A], 2085, 9001, P4, Not Active, Active, Not Active
2026/09/24 11:03:29.210, NVIDIA GeForce RTX 5070 Ti Laptop GPU, 100, 25, 10935, 12227, 86, 84.99, [N/A], 2085, 9001, P4, Not Active, Active, Not Active
2026/09/24 11:03:30.218, NVIDIA GeForce RTX 5070 Ti Laptop GPU, 100, 26, 10935, 12227, 86, 85.05, [N/A], 2077, 9001, P4, Not Active, Active, Not Active
2026/09/24 11:03:31.219, NVIDIA GeForce RTX 5070 Ti Laptop GPU, 100, 26, 10935, 12227, 86, 85.03, [N/A], 2077, 9001, P4, Not Active, Active, Not Active
2026/09/24 11:03:32.221, NVIDIA GeForce RTX 5070 Ti Laptop GPU, 100, 26, 10935, 12227, 87, 88.02, [N/A], 2145, 9001, P4, Not Active, Active, Not Active
2026/09/24 11:03:33.233, NVIDIA GeForce RTX 5070 Ti Laptop GPU, 100, 26, 10935, 12227, 87, 89.99, [N/A], 2145, 9001, P4, Not Active, Active, Not Active
2026/09/24 11:03:34.246, NVIDIA GeForce RTX 5070 Ti Laptop GPU, 100, 26, 10935, 12227, 87, 90.01, [N/A], 2137, 9001, P4, Not Active, Active, Not Active
2026/09/24 11:03:35.249, NVIDIA GeForce RTX 5070 Ti Laptop GPU, 100, 26, 10935, 12227, 87, 89.90, [N/A], 2145, 9001, P4, Not Active, Active, Not Active
2026/09/24 11:03:36.254, NVIDIA GeForce RTX 5070 Ti Laptop GPU, 100, 26, 10935, 12227, 87, 89.85, [N/A], 2137, 9001, P4, Not Active, Active, Not Active
2026/09/24 11:03:37.256, NVIDIA GeForce RTX 5070 Ti Laptop GPU, 100, 26, 10935, 12227, 87, 89.68, [N/A], 2145, 9001, P4, Not Active, Active, Not Active
2026/09/24 11:03:38.268, NVIDIA GeForce RTX 5070 Ti Laptop GPU, 100, 26, 10935, 12227, 87, 89.66, [N/A], 2137, 9001, P4, Not Active, Active, Not Active
2026/09/24 11:03:39.279, NVIDIA GeForce RTX 5070 Ti Laptop GPU, 100, 26, 10935, 12227, 87, 89.56, [N/A], 2137, 9001, P4, Not Active, Active, Not Active
2026/09/24 11:03:40.292, NVIDIA GeForce RTX 5070 Ti Laptop GPU, 100, 26, 10935, 12227, 87, 89.74, [N/A], 2137, 9001, P4, Not Active, Active, Not Active
2026/09/24 11:03:41.306, NVIDIA GeForce RTX 5070 Ti Laptop GPU, 100, 26, 10935, 12227, 87, 89.74, [N/A], 2137, 9001, P4, Not Active, Active, Not Active
2026/09/24 11:03:42.316, NVIDIA GeForce RTX 5070 Ti Laptop GPU, 100, 26, 10935, 12227, 87, 89.61, [N/A], 2145, 9001, P4, Not Active, Active, Not Active
2026/09/24 11:03:43.331, NVIDIA GeForce RTX 5070 Ti Laptop GPU, 100, 26, 10935, 12227, 87, 89.67, [N/A], 2137, 9001, P4, Not Active, Active, Not Active
2026/09/24 11:03:44.343, NVIDIA GeForce RTX 5070 Ti Laptop GPU, 100, 26, 10935, 12227, 87, 89.72, [N/A], 2137, 9001, P4, Not Active, Active, Not Active
2026/09/24 11:03:45.347, NVIDIA GeForce RTX 5070 Ti Laptop GPU, 100, 26, 10935, 12227, 87, 89.74, [N/A], 2137, 9001, P4, Not Active, Active, Not Active
2026/09/24 11:03:46.363, NVIDIA GeForce RTX 5070 Ti Laptop GPU, 100, 26, 10935, 12227, 87, 89.72, [N/A], 2137, 9001, P4, Not Active, Active, Not Active
2026/09/24 11:03:47.377, NVIDIA GeForce RTX 5070 Ti Laptop GPU, 100, 26, 10935, 12227, 87, 89.67, [N/A], 2137, 9001, P4, Not Active, Active, Not Active
2026/09/24 11:03:48.388, NVIDIA GeForce RTX 5070 Ti Laptop GPU, 100, 26, 10935, 12227, 87, 89.69, [N/A], 2137, 9001, P4, Not Active, Active, Not Active
2026/09/24 11:03:49.389, NVIDIA GeForce RTX 5070 Ti Laptop GPU, 100, 26, 10935, 12227, 87, 89.73, [N/A], 2137, 9001, P4, Not Active, Active, Not Active
2026/09/24 11:03:50.389, NVIDIA GeForce RTX 5070 Ti Laptop GPU, 100, 26, 10935, 12227, 87, 89.71, [N/A], 2137, 9001, P4, Not Active, Active, Not Active
2026/09/24 11:03:51.391, NVIDIA GeForce RTX 5070 Ti Laptop GPU, 100, 26, 10935, 12227, 87, 89.62, [N/A], 2145, 9001, P4, Not Active, Active, Not Active
2026/09/24 11:03:52.404, NVIDIA GeForce RTX 5070 Ti Laptop GPU, 100, 26, 10935, 12227, 87, 89.74, [N/A], 2137, 9001, P4, Not Active, Active, Not Active
2026/09/24 11:03:53.418, NVIDIA GeForce RTX 5070 Ti Laptop GPU, 100, 26, 10935, 12227, 87, 89.73, [N/A], 2137, 9001, P4, Not Active, Active, Not Active
2026/09/24 11:03:54.426, NVIDIA GeForce RTX 5070 Ti Laptop GPU, 100, 26, 10935, 12227, 87, 89.71, [N/A], 2137, 9001, P4, Not Active, Active, Not Active
2026/09/24 11:03:55.441, NVIDIA GeForce RTX 5070 Ti Laptop GPU, 100, 25, 10935, 12227, 86, 85.11, [N/A], 2062, 9001, P4, Not Active, Active, Not Active
2026/09/24 11:03:56.453, NVIDIA GeForce RTX 5070 Ti Laptop GPU, 100, 25, 10935, 12227, 86, 83.55, [N/A], 2062, 9001, P4, Not Active, Active, Not Active
2026/09/24 11:03:57.468, NVIDIA GeForce RTX 5070 Ti Laptop GPU, 100, 25, 10935, 12227, 86, 83.53, [N/A], 2055, 9001, P4, Not Active, Active, Not Active
2026/09/24 11:03:58.482, NVIDIA GeForce RTX 5070 Ti Laptop GPU, 100, 25, 10935, 12227, 86, 83.46, [N/A], 2062, 9001, P4, Not Active, Active, Not Active
2026/09/24 11:03:59.497, NVIDIA GeForce RTX 5070 Ti Laptop GPU, 100, 25, 10935, 12227, 86, 83.49, [N/A], 2062, 9001, P4, Not Active, Active, Not Active
2026/09/24 11:04:00.513, NVIDIA GeForce RTX 5070 Ti Laptop GPU, 100, 25, 10935, 12227, 86, 83.54, [N/A], 2062, 9001, P4, Not Active, Active, Not Active
2026/09/24 11:04:01.529, NVIDIA GeForce RTX 5070 Ti Laptop GPU, 100, 25, 10935, 12227, 86, 83.51, [N/A], 2062, 9001, P4, Not Active, Active, Not Active
2026/09/24 11:04:02.534, NVIDIA GeForce RTX 5070 Ti Laptop GPU, 100, 25, 10935, 12227, 86, 83.57, [N/A], 2062, 9001, P4, Not Active, Active, Not Active
2026/09/24 11:04:03.541, NVIDIA GeForce RTX 5070 Ti Laptop GPU, 100, 25, 10935, 12227, 86, 83.56, [N/A], 2062, 9001, P4, Not Active, Active, Not Active
2026/09/24 11:04:04.555, NVIDIA GeForce RTX 5070 Ti Laptop GPU, 100, 25, 10935, 12227, 86, 83.55, [N/A], 2062, 9001, P4, Not Active, Active, Not Active
2026/09/24 11:04:05.556, NVIDIA GeForce RTX 5070 Ti Laptop GPU, 100, 25, 10935, 12227, 86, 83.47, [N/A], 2062, 9001, P4, Not Active, Active, Not Active
2026/09/24 11:04:06.570, NVIDIA GeForce RTX 5070 Ti Laptop GPU, 100, 26, 10935, 12227, 87, 88.29, [N/A], 2130, 9001, P4, Not Active, Active, Not Active
2026/09/24 11:04:07.583, NVIDIA GeForce RTX 5070 Ti Laptop GPU, 100, 26, 10935, 12227, 87, 88.96, [N/A], 2122, 9001, P4, Not Active, Active, Not Active
2026/09/24 11:04:08.599, NVIDIA GeForce RTX 5070 Ti Laptop GPU, 100, 26, 10935, 12227, 87, 89.02, [N/A], 2130, 9001, P4, Not Active, Active, Not Active
2026/09/24 11:04:09.613, NVIDIA GeForce RTX 5070 Ti Laptop GPU, 100, 26, 10935, 12227, 87, 88.95, [N/A], 2130, 9001, P4, Not Active, Active, Not Active
2026/09/24 11:04:10.621, NVIDIA GeForce RTX 5070 Ti Laptop GPU, 100, 26, 10935, 12227, 87, 88.83, [N/A], 2122, 9001, P4, Not Active, Active, Not Active
2026/09/24 11:04:11.634, NVIDIA GeForce RTX 5070 Ti Laptop GPU, 100, 26, 10935, 12227, 87, 88.89, [N/A], 2122, 9001, P4, Not Active, Active, Not Active
2026/09/24 11:04:12.650, NVIDIA GeForce RTX 5070 Ti Laptop GPU, 100, 26, 10935, 12227, 87, 88.85, [N/A], 2122, 9001, P4, Not Active, Active, Not Active
2026/09/24 11:04:13.653, NVIDIA GeForce RTX 5070 Ti Laptop GPU, 100, 26, 10935, 12227, 87, 88.99, [N/A], 2130, 9001, P4, Not Active, Active, Not Active
2026/09/24 11:04:14.667, NVIDIA GeForce RTX 5070 Ti Laptop GPU, 100, 26, 10935, 12227, 87, 88.93, [N/A], 2122, 9001, P4, Not Active, Active, Not Active
2026/09/24 11:04:15.677, NVIDIA GeForce RTX 5070 Ti Laptop GPU, 100, 26, 10935, 12227, 87, 88.90, [N/A], 2130, 9001, P4, Not Active, Active, Not Active
2026/09/24 11:04:16.690, NVIDIA GeForce RTX 5070 Ti Laptop GPU, 100, 26, 10935, 12227, 87, 88.85, [N/A], 2122, 9001, P4, Not Active, Active, Not Active
2026/09/24 11:04:17.702, NVIDIA GeForce RTX 5070 Ti Laptop GPU, 100, 26, 10935, 12227, 87, 88.94, [N/A], 2122, 9001, P4, Not Active, Active, Not Active
2026/09/24 11:04:18.714, NVIDIA GeForce RTX 5070 Ti Laptop GPU, 100, 26, 10935, 12227, 87, 88.95, [N/A], 2130, 9001, P4, Not Active, Active, Not Active
2026/09/24 11:04:19.719, NVIDIA GeForce RTX 5070 Ti Laptop GPU, 100, 26, 10935, 12227, 87, 88.96, [N/A], 2130, 9001, P4, Not Active, Active, Not Active
2026/09/24 11:04:20.720, NVIDIA GeForce RTX 5070 Ti Laptop GPU, 100, 26, 10935, 12227, 87, 88.92, [N/A], 2122, 9001, P4, Not Active, Active, Not Active
2026/09/24 11:04:21.721, NVIDIA GeForce RTX 5070 Ti Laptop GPU, 100, 26, 10935, 12227, 87, 88.93, [N/A], 2122, 9001, P4, Not Active, Active, Not Active
2026/09/24 11:04:22.734, NVIDIA GeForce RTX 5070 Ti Laptop GPU, 100, 26, 10935, 12227, 87, 89.02, [N/A], 2130, 9001, P4, Not Active, Active, Not Active
2026/09/24 11:04:23.749, NVIDIA GeForce RTX 5070 Ti Laptop GPU, 100, 26, 10935, 12227, 87, 89.02, [N/A], 2130, 9001, P4, Not Active, Active, Not Active
2026/09/24 11:04:24.761, NVIDIA GeForce RTX 5070 Ti Laptop GPU, 100, 25, 10935, 12227, 86, 84.59, [N/A], 2062, 9001, P4, Not Active, Active, Not Active
2026/09/24 11:04:25.763, NVIDIA GeForce RTX 5070 Ti Laptop GPU, 100, 25, 10935, 12227, 86, 83.19, [N/A], 2055, 9001, P4, Not Active, Active, Not Active
2026/09/24 11:04:26.779, NVIDIA GeForce RTX 5070 Ti Laptop GPU, 100, 25, 10935, 12227, 86, 83.40, [N/A], 2062, 9001, P4, Not Active, Active, Not Active
2026/09/24 11:04:27.790, NVIDIA GeForce RTX 5070 Ti Laptop GPU, 100, 25, 10935, 12227, 86, 83.40, [N/A], 2062, 9001, P4, Not Active, Active, Not Active
2026/09/24 11:04:28.805, NVIDIA GeForce RTX 5070 Ti Laptop GPU, 100, 25, 10935, 12227, 86, 83.37, [N/A], 2062, 9001, P4, Not Active, Active, Not Active
2026/09/24 11:04:29.807, NVIDIA GeForce RTX 5070 Ti Laptop GPU, 100, 25, 10935, 12227, 86, 83.41, [N/A], 2055, 9001, P4, Not Active, Active, Not Active
2026/09/24 11:04:30.820, NVIDIA GeForce RTX 5070 Ti Laptop GPU, 100, 25, 10935, 12227, 86, 83.39, [N/A], 2062, 9001, P4, Not Active, Active, Not Active
2026/09/24 11:04:31.830, NVIDIA GeForce RTX 5070 Ti Laptop GPU, 100, 26, 10935, 12227, 86, 83.40, [N/A], 2055, 9001, P4, Not Active, Active, Not Active
2026/09/24 11:04:32.831, NVIDIA GeForce RTX 5070 Ti Laptop GPU, 100, 25, 10935, 12227, 86, 83.39, [N/A], 2062, 9001, P4, Not Active, Active, Not Active
2026/09/24 11:04:33.842, NVIDIA GeForce RTX 5070 Ti Laptop GPU, 100, 25, 10935, 12227, 86, 83.46, [N/A], 2062, 9001, P4, Not Active, Active, Not Active
2026/09/24 11:04:34.853, NVIDIA GeForce RTX 5070 Ti Laptop GPU, 100, 25, 10935, 12227, 86, 83.37, [N/A], 2055, 9001, P4, Not Active, Active, Not Active
2026/09/24 11:04:35.867, NVIDIA GeForce RTX 5070 Ti Laptop GPU, 100, 25, 10935, 12227, 86, 83.36, [N/A], 2055, 9001, P4, Not Active, Active, Not Active
2026/09/24 11:04:36.869, NVIDIA GeForce RTX 5070 Ti Laptop GPU, 100, 25, 10935, 12227, 86, 83.36, [N/A], 2062, 9001, P4, Not Active, Active, Not Active
2026/09/24 11:04:37.883, NVIDIA GeForce RTX 5070 Ti Laptop GPU, 100, 25, 10935, 12227, 86, 83.39, [N/A], 2062, 9001, P4, Not Active, Active, Not Active
2026/09/24 11:04:38.897, NVIDIA GeForce RTX 5070 Ti Laptop GPU, 100, 25, 10935, 12227, 86, 83.37, [N/A], 2055, 9001, P4, Not Active, Active, Not Active
2026/09/24 11:04:39.912, NVIDIA GeForce RTX 5070 Ti Laptop GPU, 100, 25, 10935, 12227, 86, 83.35, [N/A], 2055, 9001, P4, Not Active, Active, Not Active
2026/09/24 11:04:40.921, NVIDIA GeForce RTX 5070 Ti Laptop GPU, 100, 25, 10935, 12227, 86, 83.33, [N/A], 2062, 9001, P4, Not Active, Active, Not Active
2026/09/24 11:04:41.931, NVIDIA GeForce RTX 5070 Ti Laptop GPU, 100, 26, 10935, 12227, 87, 86.01, [N/A], 2130, 9001, P4, Not Active, Active, Not Active
2026/09/24 11:04:42.945, NVIDIA GeForce RTX 5070 Ti Laptop GPU, 100, 26, 10935, 12227, 87, 88.38, [N/A], 2122, 9001, P4, Not Active, Active, Not Active
2026/09/24 11:04:43.959, NVIDIA GeForce RTX 5070 Ti Laptop GPU, 100, 26, 10935, 12227, 87, 88.28, [N/A], 2122, 9001, P4, Not Active, Active, Not Active
2026/09/24 11:04:44.960, NVIDIA GeForce RTX 5070 Ti Laptop GPU, 100, 26, 10935, 12227, 87, 88.31, [N/A], 2122, 9001, P4, Not Active, Active, Not Active
2026/09/24 11:04:45.961, NVIDIA GeForce RTX 5070 Ti Laptop GPU, 100, 26, 10935, 12227, 87, 88.52, [N/A], 2122, 9001, P4, Not Active, Active, Not Active
2026/09/24 11:04:46.975, NVIDIA GeForce RTX 5070 Ti Laptop GPU, 100, 26, 10935, 12227, 87, 88.57, [N/A], 2130, 9001, P4, Not Active, Active, Not Active
2026/09/24 11:04:47.984, NVIDIA GeForce RTX 5070 Ti Laptop GPU, 100, 26, 10935, 12227, 87, 88.42, [N/A], 2122, 9001, P4, Not Active, Active, Not Active
2026/09/24 11:04:48.998, NVIDIA GeForce RTX 5070 Ti Laptop GPU, 100, 26, 10935, 12227, 87, 88.56, [N/A], 2130, 9001, P4, Not Active, Active, Not Active
2026/09/24 11:04:50.011, NVIDIA GeForce RTX 5070 Ti Laptop GPU, 100, 26, 10935, 12227, 87, 88.52, [N/A], 2122, 9001, P4, Not Active, Active, Not Active
2026/09/24 11:04:51.013, NVIDIA GeForce RTX 5070 Ti Laptop GPU, 100, 26, 10935, 12227, 87, 88.65, [N/A], 2122, 9001, P4, Not Active, Active, Not Active
2026/09/24 11:04:52.028, NVIDIA GeForce RTX 5070 Ti Laptop GPU, 100, 26, 10935, 12227, 87, 88.60, [N/A], 2130, 9001, P4, Not Active, Active, Not Active
2026/09/24 11:04:53.038, NVIDIA GeForce RTX 5070 Ti Laptop GPU, 100, 26, 10935, 12227, 87, 88.66, [N/A], 2130, 9001, P4, Not Active, Active, Not Active
2026/09/24 11:04:54.047, NVIDIA GeForce RTX 5070 Ti Laptop GPU, 100, 26, 10935, 12227, 87, 88.65, [N/A], 2130, 9001, P4, Not Active, Active, Not Active
2026/09/24 11:04:55.060, NVIDIA GeForce RTX 5070 Ti Laptop GPU, 100, 26, 10935, 12227, 87, 87.46, [N/A], 2070, 9001, P4, Not Active, Active, Not Active
2026/09/24 11:04:56.073, NVIDIA GeForce RTX 5070 Ti Laptop GPU, 100, 25, 10935, 12227, 86, 83.52, [N/A], 2062, 9001, P4, Not Active, Active, Not Active
2026/09/24 11:04:57.079, NVIDIA GeForce RTX 5070 Ti Laptop GPU, 100, 25, 10935, 12227, 86, 83.53, [N/A], 2055, 9001, P4, Not Active, Active, Not Active
2026/09/24 11:04:58.093, NVIDIA GeForce RTX 5070 Ti Laptop GPU, 100, 25, 10935, 12227, 86, 83.43, [N/A], 2055, 9001, P4, Not Active, Active, Not Active
2026/09/24 11:04:59.100, NVIDIA GeForce RTX 5070 Ti Laptop GPU, 100, 25, 10935, 12227, 86, 83.39, [N/A], 2055, 9001, P4, Not Active, Active, Not Active
2026/09/24 11:05:00.115, NVIDIA GeForce RTX 5070 Ti Laptop GPU, 100, 25, 10935, 12227, 86, 83.46, [N/A], 2062, 9001, P4, Not Active, Active, Not Active
2026/09/24 11:05:01.127, NVIDIA GeForce RTX 5070 Ti Laptop GPU, 100, 25, 10935, 12227, 86, 83.35, [N/A], 2055, 9001, P4, Not Active, Active, Not Active
2026/09/24 11:05:02.134, NVIDIA GeForce RTX 5070 Ti Laptop GPU, 100, 25, 10935, 12227, 86, 83.49, [N/A], 2055, 9001, P4, Not Active, Active, Not Active
2026/09/24 11:05:03.142, NVIDIA GeForce RTX 5070 Ti Laptop GPU, 100, 25, 10935, 12227, 86, 83.45, [N/A], 2055, 9001, P4, Not Active, Active, Not Active
2026/09/24 11:05:04.157, NVIDIA GeForce RTX 5070 Ti Laptop GPU, 100, 25, 10935, 12227, 86, 83.44, [N/A], 2062, 9001, P4, Not Active, Active, Not Active
2026/09/24 11:05:05.162, NVIDIA GeForce RTX 5070 Ti Laptop GPU, 100, 25, 10935, 12227, 86, 83.54, [N/A], 2062, 9001, P4, Not Active, Active, Not Active
2026/09/24 11:05:06.171, NVIDIA GeForce RTX 5070 Ti Laptop GPU, 100, 25, 10935, 12227, 86, 83.51, [N/A], 2062, 9001, P4, Not Active, Active, Not Active
2026/09/24 11:05:07.180, NVIDIA GeForce RTX 5070 Ti Laptop GPU, 100, 25, 10935, 12227, 86, 83.44, [N/A], 2062, 9001, P4, Not Active, Active, Not Active
2026/09/24 11:05:08.192, NVIDIA GeForce RTX 5070 Ti Laptop GPU, 100, 25, 10935, 12227, 86, 83.38, [N/A], 2055, 9001, P4, Not Active, Active, Not Active
2026/09/24 11:05:09.206, NVIDIA GeForce RTX 5070 Ti Laptop GPU, 100, 25, 10935, 12227, 86, 83.56, [N/A], 2062, 9001, P4, Not Active, Active, Not Active
2026/09/24 11:05:10.216, NVIDIA GeForce RTX 5070 Ti Laptop GPU, 100, 25, 10935, 12227, 86, 83.49, [N/A], 2062, 9001, P4, Not Active, Active, Not Active
2026/09/24 11:05:11.225, NVIDIA GeForce RTX 5070 Ti Laptop GPU, 100, 25, 10935, 12227, 86, 83.36, [N/A], 2055, 9001, P4, Not Active, Active, Not Active
2026/09/24 11:05:12.236, NVIDIA GeForce RTX 5070 Ti Laptop GPU, 100, 25, 10935, 12227, 86, 83.41, [N/A], 2062, 9001, P4, Not Active, Active, Not Active
2026/09/24 11:05:13.238, NVIDIA GeForce RTX 5070 Ti Laptop GPU, 100, 26, 10935, 12227, 86, 83.43, [N/A], 2055, 9001, P4, Not Active, Active, Not Active
2026/09/24 11:05:14.252, NVIDIA GeForce RTX 5070 Ti Laptop GPU, 100, 26, 10935, 12227, 87, 84.97, [N/A], 2122, 9001, P4, Not Active, Active, Not Active
2026/09/24 11:05:15.265, NVIDIA GeForce RTX 5070 Ti Laptop GPU, 100, 26, 10935, 12227, 87, 88.88, [N/A], 2122, 9001, P4, Not Active, Active, Not Active
2026/09/24 11:05:16.276, NVIDIA GeForce RTX 5070 Ti Laptop GPU, 100, 26, 10935, 12227, 87, 88.83, [N/A], 2122, 9001, P4, Not Active, Active, Not Active
2026/09/24 11:05:17.283, NVIDIA GeForce RTX 5070 Ti Laptop GPU, 100, 26, 10935, 12227, 87, 88.81, [N/A], 2122, 9001, P4, Not Active, Active, Not Active
2026/09/24 11:05:18.294, NVIDIA GeForce RTX 5070 Ti Laptop GPU, 100, 26, 10935, 12227, 87, 88.92, [N/A], 2122, 9001, P4, Not Active, Active, Not Active
2026/09/24 11:05:19.304, NVIDIA GeForce RTX 5070 Ti Laptop GPU, 100, 26, 10935, 12227, 87, 88.84, [N/A], 2130, 9001, P4, Not Active, Active, Not Active
2026/09/24 11:05:20.304, NVIDIA GeForce RTX 5070 Ti Laptop GPU, 100, 26, 10935, 12227, 87, 88.79, [N/A], 2122, 9001, P4, Not Active, Active, Not Active
2026/09/24 11:05:21.314, NVIDIA GeForce RTX 5070 Ti Laptop GPU, 100, 26, 10935, 12227, 87, 88.78, [N/A], 2122, 9001, P4, Not Active, Active, Not Active
2026/09/24 11:05:22.324, NVIDIA GeForce RTX 5070 Ti Laptop GPU, 100, 26, 10935, 12227, 87, 88.89, [N/A], 2122, 9001, P4, Not Active, Active, Not Active
2026/09/24 11:05:23.328, NVIDIA GeForce RTX 5070 Ti Laptop GPU, 100, 26, 10935, 12227, 87, 89.02, [N/A], 2130, 9001, P4, Not Active, Active, Not Active
2026/09/24 11:05:24.340, NVIDIA GeForce RTX 5070 Ti Laptop GPU, 100, 25, 10935, 12227, 86, 87.57, [N/A], 2062, 9001, P4, Not Active, Active, Not Active
2026/09/24 11:05:25.343, NVIDIA GeForce RTX 5070 Ti Laptop GPU, 100, 25, 10935, 12227, 86, 83.02, [N/A], 2047, 9001, P4, Not Active, Active, Not Active
2026/09/24 11:05:26.353, NVIDIA GeForce RTX 5070 Ti Laptop GPU, 100, 25, 10935, 12227, 86, 83.03, [N/A], 2047, 9001, P4, Not Active, Active, Not Active
2026/09/24 11:05:27.366, NVIDIA GeForce RTX 5070 Ti Laptop GPU, 100, 25, 10935, 12227, 86, 82.99, [N/A], 2055, 9001, P4, Not Active, Active, Not Active
2026/09/24 11:05:28.375, NVIDIA GeForce RTX 5070 Ti Laptop GPU, 100, 25, 10935, 12227, 86, 83.05, [N/A], 2055, 9001, P4, Not Active, Active, Not Active
2026/09/24 11:05:29.387, NVIDIA GeForce RTX 5070 Ti Laptop GPU, 100, 25, 10935, 12227, 86, 83.08, [N/A], 2055, 9001, P4, Not Active, Active, Not Active
2026/09/24 11:05:30.398, NVIDIA GeForce RTX 5070 Ti Laptop GPU, 100, 25, 10935, 12227, 86, 82.94, [N/A], 2047, 9001, P4, Not Active, Active, Not Active
2026/09/24 11:05:31.411, NVIDIA GeForce RTX 5070 Ti Laptop GPU, 100, 25, 10935, 12227, 86, 83.03, [N/A], 2055, 9001, P4, Not Active, Active, Not Active
2026/09/24 11:05:32.422, NVIDIA GeForce RTX 5070 Ti Laptop GPU, 100, 25, 10935, 12227, 86, 83.01, [N/A], 2047, 9001, P4, Not Active, Active, Not Active
2026/09/24 11:05:33.432, NVIDIA GeForce RTX 5070 Ti Laptop GPU, 100, 25, 10935, 12227, 86, 83.18, [N/A], 2055, 9001, P4, Not Active, Active, Not Active
2026/09/24 11:05:34.444, NVIDIA GeForce RTX 5070 Ti Laptop GPU, 100, 25, 10935, 12227, 86, 83.17, [N/A], 2055, 9001, P4, Not Active, Active, Not Active
2026/09/24 11:05:35.455, NVIDIA GeForce RTX 5070 Ti Laptop GPU, 100, 25, 10935, 12227, 86, 82.89, [N/A], 2055, 9001, P4, Not Active, Active, Not Active
2026/09/24 11:05:36.462, NVIDIA GeForce RTX 5070 Ti Laptop GPU, 100, 25, 10935, 12227, 86, 83.05, [N/A], 2055, 9001, P4, Not Active, Active, Not Active
2026/09/24 11:05:37.473, NVIDIA GeForce RTX 5070 Ti Laptop GPU, 100, 25, 10935, 12227, 86, 83.29, [N/A], 2062, 9001, P4, Not Active, Active, Not Active
2026/09/24 11:05:38.483, NVIDIA GeForce RTX 5070 Ti Laptop GPU, 100, 26, 10935, 12227, 87, 85.61, [N/A], 2122, 9001, P4, Not Active, Active, Not Active
2026/09/24 11:05:39.496, NVIDIA GeForce RTX 5070 Ti Laptop GPU, 100, 26, 10935, 12227, 87, 88.28, [N/A], 2115, 9001, P4, Not Active, Active, Not Active
2026/09/24 11:05:40.505, NVIDIA GeForce RTX 5070 Ti Laptop GPU, 100, 26, 10935, 12227, 87, 88.14, [N/A], 2115, 9001, P4, Not Active, Active, Not Active
2026/09/24 11:05:41.520, NVIDIA GeForce RTX 5070 Ti Laptop GPU, 100, 26, 10935, 12227, 87, 88.37, [N/A], 2115, 9001, P4, Not Active, Active, Not Active
2026/09/24 11:05:42.532, NVIDIA GeForce RTX 5070 Ti Laptop GPU, 100, 26, 10935, 12227, 87, 88.35, [N/A], 2122, 9001, P4, Not Active, Active, Not Active
2026/09/24 11:05:43.547, NVIDIA GeForce RTX 5070 Ti Laptop GPU, 100, 26, 10935, 12227, 87, 88.31, [N/A], 2115, 9001, P4, Not Active, Active, Not Active
2026/09/24 11:05:44.562, NVIDIA GeForce RTX 5070 Ti Laptop GPU, 100, 26, 10935, 12227, 87, 88.00, [N/A], 2115, 9001, P4, Not Active, Active, Not Active
2026/09/24 11:05:45.570, NVIDIA GeForce RTX 5070 Ti Laptop GPU, 100, 26, 10935, 12227, 87, 88.35, [N/A], 2115, 9001, P4, Not Active, Active, Not Active
2026/09/24 11:05:46.581, NVIDIA GeForce RTX 5070 Ti Laptop GPU, 100, 26, 10935, 12227, 87, 88.67, [N/A], 2122, 9001, P4, Not Active, Active, Not Active
2026/09/24 11:05:47.590, NVIDIA GeForce RTX 5070 Ti Laptop GPU, 100, 26, 10935, 12227, 87, 88.52, [N/A], 2122, 9001, P4, Not Active, Active, Not Active
2026/09/24 11:05:48.602, NVIDIA GeForce RTX 5070 Ti Laptop GPU, 100, 26, 10935, 12227, 87, 88.19, [N/A], 2115, 9001, P4, Not Active, Active, Not Active
2026/09/24 11:05:49.609, NVIDIA GeForce RTX 5070 Ti Laptop GPU, 100, 26, 10935, 12227, 87, 88.28, [N/A], 2115, 9001, P4, Not Active, Active, Not Active
2026/09/24 11:05:50.620, NVIDIA GeForce RTX 5070 Ti Laptop GPU, 100, 26, 10935, 12227, 87, 88.35, [N/A], 2122, 9001, P4, Not Active, Active, Not Active
2026/09/24 11:05:51.635, NVIDIA GeForce RTX 5070 Ti Laptop GPU, 100, 26, 10935, 12227, 87, 88.50, [N/A], 2122, 9001, P4, Not Active, Active, Not Active
2026/09/24 11:05:52.649, NVIDIA GeForce RTX 5070 Ti Laptop GPU, 100, 26, 10935, 12227, 87, 88.12, [N/A], 2115, 9001, P4, Not Active, Active, Not Active
2026/09/24 11:05:53.663, NVIDIA GeForce RTX 5070 Ti Laptop GPU, 100, 26, 10935, 12227, 87, 88.29, [N/A], 2122, 9001, P4, Not Active, Active, Not Active
2026/09/24 11:05:54.668, NVIDIA GeForce RTX 5070 Ti Laptop GPU, 100, 26, 10935, 12227, 87, 88.25, [N/A], 2122, 9001, P4, Not Active, Active, Not Active
2026/09/24 11:05:55.677, NVIDIA GeForce RTX 5070 Ti Laptop GPU, 100, 25, 10935, 12227, 87, 83.54, [N/A], 2055, 9001, P4, Not Active, Active, Not Active
2026/09/24 11:05:56.679, NVIDIA GeForce RTX 5070 Ti Laptop GPU, 100, 25, 10935, 12227, 87, 83.27, [N/A], 2055, 9001, P4, Not Active, Active, Not Active
2026/09/24 11:05:57.686, NVIDIA GeForce RTX 5070 Ti Laptop GPU, 100, 25, 10935, 12227, 86, 83.03, [N/A], 2055, 9001, P4, Not Active, Active, Not Active
2026/09/24 11:05:58.698, NVIDIA GeForce RTX 5070 Ti Laptop GPU, 100, 25, 10935, 12227, 86, 83.00, [N/A], 2047, 9001, P4, Not Active, Active, Not Active
2026/09/24 11:05:59.713, NVIDIA GeForce RTX 5070 Ti Laptop GPU, 100, 25, 10935, 12227, 86, 83.10, [N/A], 2055, 9001, P4, Not Active, Active, Not Active
2026/09/24 11:06:00.723, NVIDIA GeForce RTX 5070 Ti Laptop GPU, 100, 25, 10935, 12227, 86, 83.45, [N/A], 2062, 9001, P4, Not Active, Active, Not Active
2026/09/24 11:06:01.738, NVIDIA GeForce RTX 5070 Ti Laptop GPU, 100, 25, 10935, 12227, 86, 83.26, [N/A], 2055, 9001, P4, Not Active, Active, Not Active
2026/09/24 11:06:02.751, NVIDIA GeForce RTX 5070 Ti Laptop GPU, 100, 25, 10935, 12227, 86, 83.08, [N/A], 2055, 9001, P4, Not Active, Active, Not Active
2026/09/24 11:06:03.753, NVIDIA GeForce RTX 5070 Ti Laptop GPU, 100, 25, 10935, 12227, 86, 83.11, [N/A], 2055, 9001, P4, Not Active, Active, Not Active
2026/09/24 11:06:04.768, NVIDIA GeForce RTX 5070 Ti Laptop GPU, 100, 25, 10935, 12227, 86, 83.27, [N/A], 2055, 9001, P4, Not Active, Active, Not Active
2026/09/24 11:06:05.775, NVIDIA GeForce RTX 5070 Ti Laptop GPU, 100, 25, 10935, 12227, 86, 83.33, [N/A], 2062, 9001, P4, Not Active, Active, Not Active
2026/09/24 11:06:06.788, NVIDIA GeForce RTX 5070 Ti Laptop GPU, 100, 25, 10935, 12227, 86, 83.36, [N/A], 2055, 9001, P4, Not Active, Active, Not Active
2026/09/24 11:06:07.788, NVIDIA GeForce RTX 5070 Ti Laptop GPU, 100, 25, 10935, 12227, 86, 82.94, [N/A], 2055, 9001, P4, Not Active, Active, Not Active
2026/09/24 11:06:08.800, NVIDIA GeForce RTX 5070 Ti Laptop GPU, 100, 25, 10935, 12227, 86, 83.09, [N/A], 2055, 9001, P4, Not Active, Active, Not Active
2026/09/24 11:06:09.811, NVIDIA GeForce RTX 5070 Ti Laptop GPU, 100, 25, 10935, 12227, 86, 83.44, [N/A], 2055, 9001, P4, Not Active, Active, Not Active
2026/09/24 11:06:10.825, NVIDIA GeForce RTX 5070 Ti Laptop GPU, 100, 25, 10935, 12227, 86, 83.41, [N/A], 2062, 9001, P4, Not Active, Active, Not Active
2026/09/24 11:06:11.835, NVIDIA GeForce RTX 5070 Ti Laptop GPU, 100, 26, 10935, 12227, 86, 83.37, [N/A], 2055, 9001, P4, Not Active, Active, Not Active
2026/09/24 11:06:12.845, NVIDIA GeForce RTX 5070 Ti Laptop GPU, 100, 25, 10935, 12227, 86, 83.05, [N/A], 2055, 9001, P4, Not Active, Active, Not Active
2026/09/24 11:06:13.857, NVIDIA GeForce RTX 5070 Ti Laptop GPU, 100, 25, 10935, 12227, 86, 83.35, [N/A], 2062, 9001, P4, Not Active, Active, Not Active
2026/09/24 11:06:14.866, NVIDIA GeForce RTX 5070 Ti Laptop GPU, 100, 25, 10935, 12227, 86, 83.36, [N/A], 2062, 9001, P4, Not Active, Active, Not Active
2026/09/24 11:06:15.878, NVIDIA GeForce RTX 5070 Ti Laptop GPU, 100, 25, 10935, 12227, 86, 83.41, [N/A], 2062, 9001, P4, Not Active, Active, Not Active
2026/09/24 11:06:16.892, NVIDIA GeForce RTX 5070 Ti Laptop GPU, 100, 25, 10935, 12227, 86, 83.16, [N/A], 2055, 9001, P4, Not Active, Active, Not Active
2026/09/24 11:06:17.906, NVIDIA GeForce RTX 5070 Ti Laptop GPU, 100, 25, 10935, 12227, 86, 83.13, [N/A], 2055, 9001, P4, Not Active, Active, Not Active
2026/09/24 11:06:18.918, NVIDIA GeForce RTX 5070 Ti Laptop GPU, 100, 25, 10935, 12227, 86, 83.22, [N/A], 2055, 9001, P4, Not Active, Active, Not Active
2026/09/24 11:06:19.932, NVIDIA GeForce RTX 5070 Ti Laptop GPU, 100, 25, 10935, 12227, 86, 83.36, [N/A], 2062, 9001, P4, Not Active, Active, Not Active
2026/09/24 11:06:20.945, NVIDIA GeForce RTX 5070 Ti Laptop GPU, 100, 25, 10935, 12227, 86, 83.39, [N/A], 2062, 9001, P4, Not Active, Active, Not Active
2026/09/24 11:06:21.954, NVIDIA GeForce RTX 5070 Ti Laptop GPU, 100, 25, 10935, 12227, 86, 83.30, [N/A], 2055, 9001, P4, Not Active, Active, Not Active
2026/09/24 11:06:22.958, NVIDIA GeForce RTX 5070 Ti Laptop GPU, 100, 26, 10935, 12227, 86, 83.43, [N/A], 2062, 9001, P4, Not Active, Active, Not Active
2026/09/24 11:06:23.962, NVIDIA GeForce RTX 5070 Ti Laptop GPU, 100, 25, 10935, 12227, 86, 83.43, [N/A], 2062, 9001, P4, Not Active, Active, Not Active
2026/09/24 11:06:24.968, NVIDIA GeForce RTX 5070 Ti Laptop GPU, 100, 25, 10935, 12227, 86, 83.49, [N/A], 2062, 9001, P4, Not Active, Active, Not Active
2026/09/24 11:06:25.975, NVIDIA GeForce RTX 5070 Ti Laptop GPU, 100, 25, 10935, 12227, 86, 83.17, [N/A], 2062, 9001, P4, Not Active, Active, Not Active
2026/09/24 11:06:26.981, NVIDIA GeForce RTX 5070 Ti Laptop GPU, 100, 25, 10935, 12227, 87, 83.10, [N/A], 2055, 9001, P4, Not Active, Active, Not Active
2026/09/24 11:06:27.988, NVIDIA GeForce RTX 5070 Ti Laptop GPU, 100, 25, 10935, 12227, 87, 83.08, [N/A], 2055, 9001, P4, Not Active, Active, Not Active
2026/09/24 11:06:28.992, NVIDIA GeForce RTX 5070 Ti Laptop GPU, 100, 25, 10935, 12227, 87, 83.09, [N/A], 2055, 9001, P4, Not Active, Active, Not Active
2026/09/24 11:06:29.994, NVIDIA GeForce RTX 5070 Ti Laptop GPU, 100, 25, 10935, 12227, 86, 83.21, [N/A], 2047, 9001, P4, Not Active, Active, Not Active
2026/09/24 11:06:31.009, NVIDIA GeForce RTX 5070 Ti Laptop GPU, 100, 25, 10935, 12227, 86, 82.97, [N/A], 2047, 9001, P4, Not Active, Active, Not Active
2026/09/24 11:06:32.023, NVIDIA GeForce RTX 5070 Ti Laptop GPU, 100, 25, 10935, 12227, 86, 82.98, [N/A], 2055, 9001, P4, Not Active, Active, Not Active
2026/09/24 11:06:33.034, NVIDIA GeForce RTX 5070 Ti Laptop GPU, 100, 25, 10935, 12227, 86, 83.06, [N/A], 2047, 9001, P4, Not Active, Active, Not Active
2026/09/24 11:06:34.048, NVIDIA GeForce RTX 5070 Ti Laptop GPU, 100, 25, 10935, 12227, 86, 83.16, [N/A], 2062, 9001, P4, Not Active, Active, Not Active
2026/09/24 11:06:35.063, NVIDIA GeForce RTX 5070 Ti Laptop GPU, 100, 25, 10935, 12227, 86, 83.34, [N/A], 2055, 9001, P4, Not Active, Active, Not Active
2026/09/24 11:06:36.076, NVIDIA GeForce RTX 5070 Ti Laptop GPU, 100, 25, 10935, 12227, 86, 83.08, [N/A], 2055, 9001, P4, Not Active, Active, Not Active
2026/09/24 11:06:37.087, NVIDIA GeForce RTX 5070 Ti Laptop GPU, 100, 25, 10935, 12227, 86, 83.24, [N/A], 2062, 9001, P4, Not Active, Active, Not Active
2026/09/24 11:06:38.087, NVIDIA GeForce RTX 5070 Ti Laptop GPU, 100, 25, 10935, 12227, 86, 83.29, [N/A], 2062, 9001, P4, Not Active, Active, Not Active
2026/09/24 11:06:39.097, NVIDIA GeForce RTX 5070 Ti Laptop GPU, 100, 25, 10935, 12227, 86, 83.45, [N/A], 2062, 9001, P4, Not Active, Active, Not Active
2026/09/24 11:06:40.108, NVIDIA GeForce RTX 5070 Ti Laptop GPU, 100, 25, 10935, 12227, 86, 83.22, [N/A], 2055, 9001, P4, Not Active, Active, Not Active
2026/09/24 11:06:41.115, NVIDIA GeForce RTX 5070 Ti Laptop GPU, 100, 25, 10935, 12227, 86, 83.00, [N/A], 2055, 9001, P4, Not Active, Active, Not Active
2026/09/24 11:06:42.126, NVIDIA GeForce RTX 5070 Ti Laptop GPU, 100, 25, 10935, 12227, 86, 83.13, [N/A], 2055, 9001, P4, Not Active, Active, Not Active
2026/09/24 11:06:43.139, NVIDIA GeForce RTX 5070 Ti Laptop GPU, 100, 25, 10935, 12227, 86, 83.28, [N/A], 2062, 9001, P4, Not Active, Active, Not Active
2026/09/24 11:06:44.153, NVIDIA GeForce RTX 5070 Ti Laptop GPU, 100, 25, 10935, 12227, 86, 83.33, [N/A], 2062, 9001, P4, Not Active, Active, Not Active
2026/09/24 11:06:45.159, NVIDIA GeForce RTX 5070 Ti Laptop GPU, 100, 25, 10935, 12227, 86, 83.15, [N/A], 2055, 9001, P4, Not Active, Active, Not Active
2026/09/24 11:06:46.168, NVIDIA GeForce RTX 5070 Ti Laptop GPU, 100, 25, 10935, 12227, 86, 83.15, [N/A], 2055, 9001, P4, Not Active, Active, Not Active
2026/09/24 11:06:47.178, NVIDIA GeForce RTX 5070 Ti Laptop GPU, 100, 25, 10935, 12227, 86, 83.49, [N/A], 2062, 9001, P4, Not Active, Active, Not Active
2026/09/24 11:06:48.191, NVIDIA GeForce RTX 5070 Ti Laptop GPU, 100, 25, 10935, 12227, 86, 83.46, [N/A], 2062, 9001, P4, Not Active, Active, Not Active
2026/09/24 11:06:49.204, NVIDIA GeForce RTX 5070 Ti Laptop GPU, 100, 25, 10935, 12227, 86, 83.28, [N/A], 2062, 9001, P4, Not Active, Active, Not Active
2026/09/24 11:06:50.212, NVIDIA GeForce RTX 5070 Ti Laptop GPU, 100, 25, 10935, 12227, 86, 83.38, [N/A], 2062, 9001, P4, Not Active, Active, Not Active
2026/09/24 11:06:51.222, NVIDIA GeForce RTX 5070 Ti Laptop GPU, 100, 25, 10935, 12227, 86, 83.38, [N/A], 2062, 9001, P4, Not Active, Active, Not Active
2026/09/24 11:06:52.235, NVIDIA GeForce RTX 5070 Ti Laptop GPU, 100, 25, 10935, 12227, 86, 83.37, [N/A], 2062, 9001, P4, Not Active, Active, Not Active
2026/09/24 11:06:53.250, NVIDIA GeForce RTX 5070 Ti Laptop GPU, 100, 25, 10935, 12227, 86, 83.46, [N/A], 2062, 9001, P4, Not Active, Active, Not Active
2026/09/24 11:06:54.264, NVIDIA GeForce RTX 5070 Ti Laptop GPU, 100, 25, 10935, 12227, 86, 83.35, [N/A], 2055, 9001, P4, Not Active, Active, Not Active
2026/09/24 11:06:55.276, NVIDIA GeForce RTX 5070 Ti Laptop GPU, 100, 25, 10935, 12227, 86, 83.11, [N/A], 2047, 9001, P4, Not Active, Active, Not Active
2026/09/24 11:06:56.289, NVIDIA GeForce RTX 5070 Ti Laptop GPU, 100, 25, 10935, 12227, 86, 83.34, [N/A], 2055, 9001, P4, Not Active, Active, Not Active
2026/09/24 11:06:57.301, NVIDIA GeForce RTX 5070 Ti Laptop GPU, 100, 25, 10935, 12227, 87, 83.31, [N/A], 2062, 9001, P4, Not Active, Active, Not Active
2026/09/24 11:06:58.312, NVIDIA GeForce RTX 5070 Ti Laptop GPU, 100, 25, 10935, 12227, 86, 83.37, [N/A], 2062, 9001, P4, Not Active, Active, Not Active
2026/09/24 11:06:59.315, NVIDIA GeForce RTX 5070 Ti Laptop GPU, 100, 25, 10935, 12227, 86, 83.12, [N/A], 2055, 9001, P4, Not Active, Active, Not Active
2026/09/24 11:07:00.328, NVIDIA GeForce RTX 5070 Ti Laptop GPU, 100, 25, 10935, 12227, 86, 83.16, [N/A], 2055, 9001, P4, Not Active, Active, Not Active
2026/09/24 11:07:01.329, NVIDIA GeForce RTX 5070 Ti Laptop GPU, 100, 26, 10935, 12227, 86, 83.30, [N/A], 2055, 9001, P4, Not Active, Active, Not Active
2026/09/24 11:07:02.340, NVIDIA GeForce RTX 5070 Ti Laptop GPU, 100, 25, 10935, 12227, 86, 83.40, [N/A], 2062, 9001, P4, Not Active, Active, Not Active
2026/09/24 11:07:03.348, NVIDIA GeForce RTX 5070 Ti Laptop GPU, 100, 25, 10935, 12227, 86, 83.38, [N/A], 2062, 9001, P4, Not Active, Active, Not Active
2026/09/24 11:07:04.359, NVIDIA GeForce RTX 5070 Ti Laptop GPU, 100, 25, 10935, 12227, 86, 82.96, [N/A], 2047, 9001, P4, Not Active, Active, Not Active
2026/09/24 11:07:05.367, NVIDIA GeForce RTX 5070 Ti Laptop GPU, 100, 25, 10935, 12227, 86, 83.13, [N/A], 2062, 9001, P4, Not Active, Active, Not Active
2026/09/24 11:07:06.378, NVIDIA GeForce RTX 5070 Ti Laptop GPU, 100, 25, 10935, 12227, 86, 83.28, [N/A], 2062, 9001, P4, Not Active, Active, Not Active
2026/09/24 11:07:07.392, NVIDIA GeForce RTX 5070 Ti Laptop GPU, 100, 25, 10935, 12227, 86, 83.39, [N/A], 2062, 9001, P4, Not Active, Active, Not Active
2026/09/24 11:07:08.400, NVIDIA GeForce RTX 5070 Ti Laptop GPU, 100, 25, 10935, 12227, 86, 83.39, [N/A], 2062, 9001, P4, Not Active, Active, Not Active
2026/09/24 11:07:09.415, NVIDIA GeForce RTX 5070 Ti Laptop GPU, 100, 25, 10935, 12227, 86, 83.26, [N/A], 2055, 9001, P4, Not Active, Active, Not Active
2026/09/24 11:07:10.428, NVIDIA GeForce RTX 5070 Ti Laptop GPU, 100, 25, 10935, 12227, 86, 83.28, [N/A], 2062, 9001, P4, Not Active, Active, Not Active
2026/09/24 11:07:11.439, NVIDIA GeForce RTX 5070 Ti Laptop GPU, 100, 25, 10935, 12227, 86, 83.50, [N/A], 2062, 9001, P4, Not Active, Active, Not Active
2026/09/24 11:07:12.452, NVIDIA GeForce RTX 5070 Ti Laptop GPU, 100, 25, 10935, 12227, 86, 83.32, [N/A], 2062, 9001, P4, Not Active, Active, Not Active
2026/09/24 11:07:13.462, NVIDIA GeForce RTX 5070 Ti Laptop GPU, 100, 25, 10935, 12227, 86, 83.29, [N/A], 2055, 9001, P4, Not Active, Active, Not Active
2026/09/24 11:07:14.475, NVIDIA GeForce RTX 5070 Ti Laptop GPU, 100, 25, 10935, 12227, 86, 83.34, [N/A], 2062, 9001, P4, Not Active, Active, Not Active
2026/09/24 11:07:15.490, NVIDIA GeForce RTX 5070 Ti Laptop GPU, 100, 25, 10935, 12227, 86, 83.36, [N/A], 2055, 9001, P4, Not Active, Active, Not Active
2026/09/24 11:07:16.500, NVIDIA GeForce RTX 5070 Ti Laptop GPU, 100, 25, 10935, 12227, 86, 83.31, [N/A], 2062, 9001, P4, Not Active, Active, Not Active
2026/09/24 11:07:17.512, NVIDIA GeForce RTX 5070 Ti Laptop GPU, 100, 25, 10935, 12227, 86, 83.50, [N/A], 2062, 9001, P4, Not Active, Active, Not Active
2026/09/24 11:07:18.520, NVIDIA GeForce RTX 5070 Ti Laptop GPU, 100, 25, 10935, 12227, 86, 83.44, [N/A], 2062, 9001, P4, Not Active, Active, Not Active
2026/09/24 11:07:19.535, NVIDIA GeForce RTX 5070 Ti Laptop GPU, 100, 25, 10935, 12227, 86, 83.42, [N/A], 2062, 9001, P4, Not Active, Active, Not Active
2026/09/24 11:07:20.550, NVIDIA GeForce RTX 5070 Ti Laptop GPU, 100, 25, 10935, 12227, 86, 83.38, [N/A], 2062, 9001, P4, Not Active, Active, Not Active
2026/09/24 11:07:21.562, NVIDIA GeForce RTX 5070 Ti Laptop GPU, 100, 25, 10935, 12227, 86, 83.38, [N/A], 2062, 9001, P4, Not Active, Active, Not Active
2026/09/24 11:07:22.573, NVIDIA GeForce RTX 5070 Ti Laptop GPU, 100, 25, 10935, 12227, 86, 83.42, [N/A], 2062, 9001, P4, Not Active, Active, Not Active
2026/09/24 11:07:23.588, NVIDIA GeForce RTX 5070 Ti Laptop GPU, 100, 25, 10935, 12227, 86, 83.40, [N/A], 2062, 9001, P4, Not Active, Active, Not Active
2026/09/24 11:07:24.602, NVIDIA GeForce RTX 5070 Ti Laptop GPU, 100, 25, 10935, 12227, 86, 83.39, [N/A], 2055, 9001, P4, Not Active, Active, Not Active
2026/09/24 11:07:25.616, NVIDIA GeForce RTX 5070 Ti Laptop GPU, 100, 25, 10935, 12227, 86, 83.40, [N/A], 2062, 9001, P4, Not Active, Active, Not Active
2026/09/24 11:07:26.631, NVIDIA GeForce RTX 5070 Ti Laptop GPU, 100, 25, 10935, 12227, 86, 83.39, [N/A], 2062, 9001, P4, Not Active, Active, Not Active
2026/09/24 11:07:27.643, NVIDIA GeForce RTX 5070 Ti Laptop GPU, 100, 25, 10935, 12227, 86, 83.35, [N/A], 2055, 9001, P4, Not Active, Active, Not Active
2026/09/24 11:07:28.645, NVIDIA GeForce RTX 5070 Ti Laptop GPU, 100, 25, 10935, 12227, 86, 83.42, [N/A], 2062, 9001, P4, Not Active, Active, Not Active
2026/09/24 11:07:29.657, NVIDIA GeForce RTX 5070 Ti Laptop GPU, 100, 25, 10935, 12227, 86, 83.39, [N/A], 2062, 9001, P4, Not Active, Active, Not Active
2026/09/24 11:07:30.668, NVIDIA GeForce RTX 5070 Ti Laptop GPU, 100, 25, 10935, 12227, 86, 83.39, [N/A], 2062, 9001, P4, Not Active, Active, Not Active
2026/09/24 11:07:31.683, NVIDIA GeForce RTX 5070 Ti Laptop GPU, 100, 25, 10935, 12227, 86, 83.28, [N/A], 2055, 9001, P4, Not Active, Active, Not Active
2026/09/24 11:07:32.695, NVIDIA GeForce RTX 5070 Ti Laptop GPU, 100, 25, 10935, 12227, 86, 83.36, [N/A], 2055, 9001, P4, Not Active, Active, Not Active
2026/09/24 11:07:33.707, NVIDIA GeForce RTX 5070 Ti Laptop GPU, 100, 26, 10935, 12227, 86, 83.34, [N/A], 2062, 9001, P4, Not Active, Active, Not Active
2026/09/24 11:07:34.708, NVIDIA GeForce RTX 5070 Ti Laptop GPU, 100, 25, 10935, 12227, 86, 83.46, [N/A], 2062, 9001, P4, Not Active, Active, Not Active
2026/09/24 11:07:35.723, NVIDIA GeForce RTX 5070 Ti Laptop GPU, 100, 25, 10935, 12227, 86, 83.42, [N/A], 2055, 9001, P4, Not Active, Active, Not Active
2026/09/24 11:07:36.736, NVIDIA GeForce RTX 5070 Ti Laptop GPU, 100, 25, 10935, 12227, 86, 83.40, [N/A], 2055, 9001, P4, Not Active, Active, Not Active
2026/09/24 11:07:37.751, NVIDIA GeForce RTX 5070 Ti Laptop GPU, 100, 25, 10935, 12227, 86, 83.27, [N/A], 2062, 9001, P4, Not Active, Active, Not Active
2026/09/24 11:07:38.763, NVIDIA GeForce RTX 5070 Ti Laptop GPU, 100, 25, 10935, 12227, 86, 83.37, [N/A], 2062, 9001, P4, Not Active, Active, Not Active
2026/09/24 11:07:39.765, NVIDIA GeForce RTX 5070 Ti Laptop GPU, 100, 25, 10935, 12227, 86, 83.40, [N/A], 2062, 9001, P4, Not Active, Active, Not Active
2026/09/24 11:07:40.780, NVIDIA GeForce RTX 5070 Ti Laptop GPU, 100, 25, 10935, 12227, 86, 83.42, [N/A], 2062, 9001, P4, Not Active, Active, Not Active
2026/09/24 11:07:41.782, NVIDIA GeForce RTX 5070 Ti Laptop GPU, 100, 25, 10935, 12227, 86, 83.15, [N/A], 2062, 9001, P4, Not Active, Active, Not Active
2026/09/24 11:07:42.784, NVIDIA GeForce RTX 5070 Ti Laptop GPU, 100, 25, 10935, 12227, 86, 83.28, [N/A], 2055, 9001, P4, Not Active, Active, Not Active
2026/09/24 11:07:43.800, NVIDIA GeForce RTX 5070 Ti Laptop GPU, 100, 25, 10935, 12227, 86, 83.29, [N/A], 2055, 9001, P4, Not Active, Active, Not Active
2026/09/24 11:07:44.813, NVIDIA GeForce RTX 5070 Ti Laptop GPU, 100, 25, 10935, 12227, 86, 83.43, [N/A], 2062, 9001, P4, Not Active, Active, Not Active
2026/09/24 11:07:45.825, NVIDIA GeForce RTX 5070 Ti Laptop GPU, 100, 25, 10935, 12227, 86, 83.36, [N/A], 2062, 9001, P4, Not Active, Active, Not Active
2026/09/24 11:07:46.826, NVIDIA GeForce RTX 5070 Ti Laptop GPU, 100, 25, 10935, 12227, 86, 83.35, [N/A], 2062, 9001, P4, Not Active, Active, Not Active
2026/09/24 11:07:47.828, NVIDIA GeForce RTX 5070 Ti Laptop GPU, 100, 26, 10935, 12227, 86, 83.47, [N/A], 2062, 9001, P4, Not Active, Active, Not Active
2026/09/24 11:07:48.836, NVIDIA GeForce RTX 5070 Ti Laptop GPU, 100, 25, 10935, 12227, 86, 83.31, [N/A], 2062, 9001, P4, Not Active, Active, Not Active
2026/09/24 11:07:49.845, NVIDIA GeForce RTX 5070 Ti Laptop GPU, 100, 25, 10935, 12227, 86, 83.39, [N/A], 2062, 9001, P4, Not Active, Active, Not Active
2026/09/24 11:07:50.846, NVIDIA GeForce RTX 5070 Ti Laptop GPU, 100, 25, 10935, 12227, 86, 83.41, [N/A], 2062, 9001, P4, Not Active, Active, Not Active
2026/09/24 11:07:51.847, NVIDIA GeForce RTX 5070 Ti Laptop GPU, 100, 25, 10935, 12227, 86, 83.32, [N/A], 2055, 9001, P4, Not Active, Active, Not Active
2026/09/24 11:07:52.849, NVIDIA GeForce RTX 5070 Ti Laptop GPU, 100, 25, 10935, 12227, 86, 83.55, [N/A], 2062, 9001, P4, Not Active, Active, Not Active
2026/09/24 11:07:53.852, NVIDIA GeForce RTX 5070 Ti Laptop GPU, 100, 25, 10935, 12227, 86, 83.49, [N/A], 2062, 9001, P4, Not Active, Active, Not Active
2026/09/24 11:07:54.854, NVIDIA GeForce RTX 5070 Ti Laptop GPU, 100, 25, 10935, 12227, 86, 83.49, [N/A], 2062, 9001, P4, Not Active, Active, Not Active
2026/09/24 11:07:55.857, NVIDIA GeForce RTX 5070 Ti Laptop GPU, 100, 25, 10935, 12227, 86, 83.27, [N/A], 2062, 9001, P4, Not Active, Active, Not Active
2026/09/24 11:07:56.859, NVIDIA GeForce RTX 5070 Ti Laptop GPU, 100, 25, 10935, 12227, 86, 83.34, [N/A], 2062, 9001, P4, Not Active, Active, Not Active
2026/09/24 11:07:57.862, NVIDIA GeForce RTX 5070 Ti Laptop GPU, 100, 25, 10935, 12227, 86, 83.32, [N/A], 2062, 9001, P4, Not Active, Active, Not Active
2026/09/24 11:07:58.875, NVIDIA GeForce RTX 5070 Ti Laptop GPU, 100, 25, 10935, 12227, 86, 83.46, [N/A], 2062, 9001, P4, Not Active, Active, Not Active
2026/09/24 11:07:59.888, NVIDIA GeForce RTX 5070 Ti Laptop GPU, 100, 25, 10935, 12227, 86, 83.44, [N/A], 2062, 9001, P4, Not Active, Active, Not Active
2026/09/24 11:08:00.901, NVIDIA GeForce RTX 5070 Ti Laptop GPU, 100, 25, 10935, 12227, 86, 83.35, [N/A], 2062, 9001, P4, Not Active, Active, Not Active
2026/09/24 11:08:01.913, NVIDIA GeForce RTX 5070 Ti Laptop GPU, 100, 25, 10935, 12227, 86, 83.39, [N/A], 2062, 9001, P4, Not Active, Active, Not Active
2026/09/24 11:08:02.926, NVIDIA GeForce RTX 5070 Ti Laptop GPU, 100, 25, 10935, 12227, 86, 83.42, [N/A], 2062, 9001, P4, Not Active, Active, Not Active
2026/09/24 11:08:03.937, NVIDIA GeForce RTX 5070 Ti Laptop GPU, 100, 25, 10935, 12227, 86, 83.45, [N/A], 2062, 9001, P4, Not Active, Active, Not Active
2026/09/24 11:08:04.951, NVIDIA GeForce RTX 5070 Ti Laptop GPU, 100, 25, 10935, 12227, 86, 83.42, [N/A], 2062, 9001, P4, Not Active, Active, Not Active
2026/09/24 11:08:05.965, NVIDIA GeForce RTX 5070 Ti Laptop GPU, 100, 25, 10935, 12227, 86, 83.21, [N/A], 2062, 9001, P4, Not Active, Active, Not Active
2026/09/24 11:08:06.977, NVIDIA GeForce RTX 5070 Ti Laptop GPU, 100, 25, 10935, 12227, 86, 83.41, [N/A], 2062, 9001, P4, Not Active, Active, Not Active
2026/09/24 11:08:07.980, NVIDIA GeForce RTX 5070 Ti Laptop GPU, 100, 25, 10935, 12227, 86, 83.38, [N/A], 2062, 9001, P4, Not Active, Active, Not Active
2026/09/24 11:08:08.995, NVIDIA GeForce RTX 5070 Ti Laptop GPU, 100, 25, 10935, 12227, 86, 83.41, [N/A], 2062, 9001, P4, Not Active, Active, Not Active
2026/09/24 11:08:10.009, NVIDIA GeForce RTX 5070 Ti Laptop GPU, 100, 25, 10935, 12227, 86, 83.24, [N/A], 2055, 9001, P4, Not Active, Active, Not Active
2026/09/24 11:08:11.011, NVIDIA GeForce RTX 5070 Ti Laptop GPU, 100, 25, 10935, 12227, 86, 83.28, [N/A], 2055, 9001, P4, Not Active, Active, Not Active
2026/09/24 11:08:12.020, NVIDIA GeForce RTX 5070 Ti Laptop GPU, 100, 25, 10935, 12227, 86, 83.25, [N/A], 2055, 9001, P4, Not Active, Active, Not Active
2026/09/24 11:08:13.030, NVIDIA GeForce RTX 5070 Ti Laptop GPU, 100, 25, 10935, 12227, 86, 83.35, [N/A], 2062, 9001, P4, Not Active, Active, Not Active
2026/09/24 11:08:14.034, NVIDIA GeForce RTX 5070 Ti Laptop GPU, 100, 25, 10935, 12227, 86, 83.37, [N/A], 2062, 9001, P4, Not Active, Active, Not Active
2026/09/24 11:08:15.040, NVIDIA GeForce RTX 5070 Ti Laptop GPU, 100, 26, 10935, 12227, 86, 83.43, [N/A], 2062, 9001, P4, Not Active, Active, Not Active
2026/09/24 11:08:16.044, NVIDIA GeForce RTX 5070 Ti Laptop GPU, 100, 25, 10935, 12227, 86, 83.42, [N/A], 2062, 9001, P4, Not Active, Active, Not Active
2026/09/24 11:08:17.045, NVIDIA GeForce RTX 5070 Ti Laptop GPU, 100, 25, 10935, 12227, 86, 83.39, [N/A], 2062, 9001, P4, Not Active, Active, Not Active
2026/09/24 11:08:18.052, NVIDIA GeForce RTX 5070 Ti Laptop GPU, 100, 25, 10935, 12227, 86, 83.42, [N/A], 2062, 9001, P4, Not Active, Active, Not Active
2026/09/24 11:08:19.057, NVIDIA GeForce RTX 5070 Ti Laptop GPU, 100, 25, 10935, 12227, 86, 83.15, [N/A], 2055, 9001, P4, Not Active, Active, Not Active
2026/09/24 11:08:20.068, NVIDIA GeForce RTX 5070 Ti Laptop GPU, 100, 25, 10935, 12227, 86, 83.09, [N/A], 2055, 9001, P4, Not Active, Active, Not Active
2026/09/24 11:08:21.082, NVIDIA GeForce RTX 5070 Ti Laptop GPU, 100, 25, 10935, 12227, 86, 83.16, [N/A], 2055, 9001, P4, Not Active, Active, Not Active
2026/09/24 11:08:22.084, NVIDIA GeForce RTX 5070 Ti Laptop GPU, 100, 25, 10935, 12227, 86, 83.30, [N/A], 2062, 9001, P4, Not Active, Active, Not Active
2026/09/24 11:08:23.088, NVIDIA GeForce RTX 5070 Ti Laptop GPU, 100, 25, 10935, 12227, 86, 83.37, [N/A], 2062, 9001, P4, Not Active, Active, Not Active
2026/09/24 11:08:24.098, NVIDIA GeForce RTX 5070 Ti Laptop GPU, 100, 25, 10935, 12227, 86, 83.40, [N/A], 2062, 9001, P4, Not Active, Active, Not Active
2026/09/24 11:08:25.099, NVIDIA GeForce RTX 5070 Ti Laptop GPU, 100, 25, 10935, 12227, 86, 83.11, [N/A], 2055, 9001, P4, Not Active, Active, Not Active
2026/09/24 11:08:26.114, NVIDIA GeForce RTX 5070 Ti Laptop GPU, 100, 26, 10935, 12227, 86, 83.25, [N/A], 2062, 9001, P4, Not Active, Active, Not Active
2026/09/24 11:08:27.114, NVIDIA GeForce RTX 5070 Ti Laptop GPU, 100, 25, 10935, 12227, 86, 83.26, [N/A], 2062, 9001, P4, Not Active, Active, Not Active
2026/09/24 11:08:28.123, NVIDIA GeForce RTX 5070 Ti Laptop GPU, 100, 25, 10935, 12227, 86, 83.11, [N/A], 2055, 9001, P4, Not Active, Active, Not Active
2026/09/24 11:08:29.137, NVIDIA GeForce RTX 5070 Ti Laptop GPU, 100, 25, 10935, 12227, 86, 83.02, [N/A], 2055, 9001, P4, Not Active, Active, Not Active
2026/09/24 11:08:30.137, NVIDIA GeForce RTX 5070 Ti Laptop GPU, 100, 25, 10935, 12227, 86, 83.22, [N/A], 2062, 9001, P4, Not Active, Active, Not Active
2026/09/24 11:08:31.140, NVIDIA GeForce RTX 5070 Ti Laptop GPU, 100, 25, 10935, 12227, 86, 83.38, [N/A], 2062, 9001, P4, Not Active, Active, Not Active
2026/09/24 11:08:32.144, NVIDIA GeForce RTX 5070 Ti Laptop GPU, 100, 25, 10935, 12227, 86, 83.42, [N/A], 2062, 9001, P4, Not Active, Active, Not Active
2026/09/24 11:08:33.158, NVIDIA GeForce RTX 5070 Ti Laptop GPU, 100, 25, 10935, 12227, 86, 83.13, [N/A], 2055, 9001, P4, Not Active, Active, Not Active
2026/09/24 11:08:34.164, NVIDIA GeForce RTX 5070 Ti Laptop GPU, 100, 25, 10935, 12227, 86, 83.02, [N/A], 2055, 9001, P4, Not Active, Active, Not Active
2026/09/24 11:08:35.174, NVIDIA GeForce RTX 5070 Ti Laptop GPU, 100, 25, 10935, 12227, 86, 83.20, [N/A], 2055, 9001, P4, Not Active, Active, Not Active
2026/09/24 11:08:36.174, NVIDIA GeForce RTX 5070 Ti Laptop GPU, 100, 25, 10935, 12227, 86, 83.37, [N/A], 2062, 9001, P4, Not Active, Active, Not Active
2026/09/24 11:08:37.187, NVIDIA GeForce RTX 5070 Ti Laptop GPU, 100, 25, 10935, 12227, 86, 83.29, [N/A], 2062, 9001, P4, Not Active, Active, Not Active
2026/09/24 11:08:38.189, NVIDIA GeForce RTX 5070 Ti Laptop GPU, 100, 25, 10935, 12227, 86, 83.09, [N/A], 2055, 9001, P4, Not Active, Active, Not Active
2026/09/24 11:08:39.204, NVIDIA GeForce RTX 5070 Ti Laptop GPU, 100, 25, 10935, 12227, 86, 83.01, [N/A], 2055, 9001, P4, Not Active, Active, Not Active
2026/09/24 11:08:40.216, NVIDIA GeForce RTX 5070 Ti Laptop GPU, 100, 25, 10935, 12227, 86, 83.30, [N/A], 2062, 9001, P4, Not Active, Active, Not Active
2026/09/24 11:08:41.229, NVIDIA GeForce RTX 5070 Ti Laptop GPU, 100, 25, 10935, 12227, 86, 83.38, [N/A], 2062, 9001, P4, Not Active, Active, Not Active
2026/09/24 11:08:42.241, NVIDIA GeForce RTX 5070 Ti Laptop GPU, 100, 25, 10935, 12227, 86, 83.37, [N/A], 2062, 9001, P4, Not Active, Active, Not Active
2026/09/24 11:08:43.252, NVIDIA GeForce RTX 5070 Ti Laptop GPU, 100, 25, 10935, 12227, 86, 83.12, [N/A], 2055, 9001, P4, Not Active, Active, Not Active
2026/09/24 11:08:44.261, NVIDIA GeForce RTX 5070 Ti Laptop GPU, 100, 25, 10935, 12227, 86, 83.19, [N/A], 2055, 9001, P4, Not Active, Active, Not Active
2026/09/24 11:08:45.274, NVIDIA GeForce RTX 5070 Ti Laptop GPU, 100, 25, 10935, 12227, 86, 83.32, [N/A], 2062, 9001, P4, Not Active, Active, Not Active
2026/09/24 11:08:46.288, NVIDIA GeForce RTX 5070 Ti Laptop GPU, 100, 25, 10935, 12227, 86, 83.45, [N/A], 2062, 9001, P4, Not Active, Active, Not Active
2026/09/24 11:08:47.289, NVIDIA GeForce RTX 5070 Ti Laptop GPU, 100, 25, 10935, 12227, 86, 83.21, [N/A], 2055, 9001, P4, Not Active, Active, Not Active
2026/09/24 11:08:48.303, NVIDIA GeForce RTX 5070 Ti Laptop GPU, 100, 26, 10935, 12227, 87, 84.44, [N/A], 2115, 9001, P4, Not Active, Active, Not Active
2026/09/24 11:08:49.317, NVIDIA GeForce RTX 5070 Ti Laptop GPU, 100, 26, 10935, 12227, 87, 88.59, [N/A], 2122, 9001, P4, Not Active, Active, Not Active
2026/09/24 11:08:50.331, NVIDIA GeForce RTX 5070 Ti Laptop GPU, 100, 26, 10935, 12227, 87, 88.55, [N/A], 2122, 9001, P4, Not Active, Active, Not Active
2026/09/24 11:08:51.344, NVIDIA GeForce RTX 5070 Ti Laptop GPU, 100, 26, 10935, 12227, 87, 88.35, [N/A], 2115, 9001, P4, Not Active, Active, Not Active
2026/09/24 11:08:52.359, NVIDIA GeForce RTX 5070 Ti Laptop GPU, 100, 26, 10935, 12227, 87, 88.12, [N/A], 2115, 9001, P4, Not Active, Active, Not Active
2026/09/24 11:08:53.374, NVIDIA GeForce RTX 5070 Ti Laptop GPU, 100, 26, 10935, 12227, 87, 88.36, [N/A], 2122, 9001, P4, Not Active, Active, Not Active
2026/09/24 11:08:54.379, NVIDIA GeForce RTX 5070 Ti Laptop GPU, 100, 25, 10935, 12227, 86, 85.42, [N/A], 2047, 9001, P4, Not Active, Active, Not Active
2026/09/24 11:08:55.379, NVIDIA GeForce RTX 5070 Ti Laptop GPU, 100, 25, 10935, 12227, 87, 83.07, [N/A], 2055, 9001, P4, Not Active, Active, Not Active
2026/09/24 11:08:56.388, NVIDIA GeForce RTX 5070 Ti Laptop GPU, 100, 25, 10935, 12227, 86, 82.73, [N/A], 2047, 9001, P4, Not Active, Active, Not Active
2026/09/24 11:08:57.391, NVIDIA GeForce RTX 5070 Ti Laptop GPU, 100, 25, 10935, 12227, 86, 82.60, [N/A], 2047, 9001, P4, Not Active, Active, Not Active
2026/09/24 11:08:58.406, NVIDIA GeForce RTX 5070 Ti Laptop GPU, 100, 25, 10935, 12227, 86, 82.60, [N/A], 2047, 9001, P4, Not Active, Active, Not Active
2026/09/24 11:08:59.421, NVIDIA GeForce RTX 5070 Ti Laptop GPU, 100, 25, 10935, 12227, 86, 82.58, [N/A], 2047, 9001, P4, Not Active, Active, Not Active
2026/09/24 11:09:00.433, NVIDIA GeForce RTX 5070 Ti Laptop GPU, 100, 25, 10935, 12227, 86, 82.89, [N/A], 2047, 9001, P4, Not Active, Active, Not Active
2026/09/24 11:09:01.438, NVIDIA GeForce RTX 5070 Ti Laptop GPU, 100, 25, 10935, 12227, 86, 82.72, [N/A], 2047, 9001, P4, Not Active, Active, Not Active
2026/09/24 11:09:02.441, NVIDIA GeForce RTX 5070 Ti Laptop GPU, 100, 25, 10935, 12227, 86, 82.74, [N/A], 2047, 9001, P4, Not Active, Active, Not Active
2026/09/24 11:09:03.443, NVIDIA GeForce RTX 5070 Ti Laptop GPU, 100, 25, 10935, 12227, 86, 82.88, [N/A], 2047, 9001, P4, Not Active, Active, Not Active
2026/09/24 11:09:04.457, NVIDIA GeForce RTX 5070 Ti Laptop GPU, 100, 25, 10935, 12227, 86, 82.92, [N/A], 2055, 9001, P4, Not Active, Active, Not Active
2026/09/24 11:09:05.468, NVIDIA GeForce RTX 5070 Ti Laptop GPU, 100, 25, 10935, 12227, 86, 82.80, [N/A], 2047, 9001, P4, Not Active, Active, Not Active
2026/09/24 11:09:06.469, NVIDIA GeForce RTX 5070 Ti Laptop GPU, 100, 25, 10935, 12227, 86, 82.88, [N/A], 2047, 9001, P4, Not Active, Active, Not Active
2026/09/24 11:09:07.482, NVIDIA GeForce RTX 5070 Ti Laptop GPU, 100, 25, 10935, 12227, 86, 82.97, [N/A], 2047, 9001, P4, Not Active, Active, Not Active
2026/09/24 11:09:08.496, NVIDIA GeForce RTX 5070 Ti Laptop GPU, 100, 25, 10935, 12227, 86, 82.99, [N/A], 2047, 9001, P4, Not Active, Active, Not Active
2026/09/24 11:09:09.497, NVIDIA GeForce RTX 5070 Ti Laptop GPU, 100, 25, 10935, 12227, 86, 83.05, [N/A], 2062, 9001, P4, Not Active, Active, Not Active
2026/09/24 11:09:10.498, NVIDIA GeForce RTX 5070 Ti Laptop GPU, 100, 25, 10935, 12227, 86, 83.09, [N/A], 2047, 9001, P4, Not Active, Active, Not Active
2026/09/24 11:09:11.506, NVIDIA GeForce RTX 5070 Ti Laptop GPU, 100, 25, 10935, 12227, 86, 82.97, [N/A], 2047, 9001, P4, Not Active, Active, Not Active
2026/09/24 11:09:12.520, NVIDIA GeForce RTX 5070 Ti Laptop GPU, 100, 25, 10935, 12227, 86, 82.97, [N/A], 2047, 9001, P4, Not Active, Active, Not Active
2026/09/24 11:09:13.531, NVIDIA GeForce RTX 5070 Ti Laptop GPU, 100, 25, 10935, 12227, 86, 83.07, [N/A], 2055, 9001, P4, Not Active, Active, Not Active
2026/09/24 11:09:14.545, NVIDIA GeForce RTX 5070 Ti Laptop GPU, 100, 25, 10935, 12227, 86, 83.16, [N/A], 2062, 9001, P4, Not Active, Active, Not Active
2026/09/24 11:09:15.554, NVIDIA GeForce RTX 5070 Ti Laptop GPU, 100, 25, 10935, 12227, 86, 83.00, [N/A], 2047, 9001, P4, Not Active, Active, Not Active
2026/09/24 11:09:16.567, NVIDIA GeForce RTX 5070 Ti Laptop GPU, 100, 25, 10935, 12227, 86, 82.92, [N/A], 2047, 9001, P4, Not Active, Active, Not Active
2026/09/24 11:09:17.582, NVIDIA GeForce RTX 5070 Ti Laptop GPU, 100, 25, 10935, 12227, 86, 82.99, [N/A], 2055, 9001, P4, Not Active, Active, Not Active
2026/09/24 11:09:18.597, NVIDIA GeForce RTX 5070 Ti Laptop GPU, 100, 25, 10935, 12227, 86, 83.19, [N/A], 2055, 9001, P4, Not Active, Active, Not Active
2026/09/24 11:09:19.611, NVIDIA GeForce RTX 5070 Ti Laptop GPU, 100, 25, 10935, 12227, 86, 83.12, [N/A], 2047, 9001, P4, Not Active, Active, Not Active
2026/09/24 11:09:20.614, NVIDIA GeForce RTX 5070 Ti Laptop GPU, 100, 25, 10935, 12227, 86, 82.95, [N/A], 2047, 9001, P4, Not Active, Active, Not Active
2026/09/24 11:09:21.622, NVIDIA GeForce RTX 5070 Ti Laptop GPU, 100, 25, 10935, 12227, 86, 82.89, [N/A], 2047, 9001, P4, Not Active, Active, Not Active
2026/09/24 11:09:22.637, NVIDIA GeForce RTX 5070 Ti Laptop GPU, 100, 25, 10935, 12227, 86, 82.87, [N/A], 2047, 9001, P4, Not Active, Active, Not Active
2026/09/24 11:09:23.643, NVIDIA GeForce RTX 5070 Ti Laptop GPU, 1, 0, 10935, 12227, 80, 25.96, [N/A], 547, 9001, P4, Active, Not Active, Not Active
2026/09/24 11:09:24.655, NVIDIA GeForce RTX 5070 Ti Laptop GPU, 1, 0, 10935, 12227, 79, 18.28, [N/A], 330, 9001, P4, Not Active, Not Active, Not Active
2026/09/24 11:09:25.668, NVIDIA GeForce RTX 5070 Ti Laptop GPU, 1, 0, 10935, 12227, 79, 18.07, [N/A], 232, 9001, P4, Active, Not Active, Not Active
2026/09/24 11:09:26.675, NVIDIA GeForce RTX 5070 Ti Laptop GPU, 1, 0, 10935, 12227, 78, 18.01, [N/A], 232, 9001, P4, Active, Not Active, Not Active
2026/09/24 11:09:27.684, NVIDIA GeForce RTX 5070 Ti Laptop GPU, 1, 0, 10935, 12227, 78, 18.02, [N/A], 232, 9001, P4, Active, Not Active, Not Active
2026/09/24 11:09:28.686, NVIDIA GeForce RTX 5070 Ti Laptop GPU, 1, 0, 10935, 12227, 78, 17.97, [N/A], 247, 810, P5, Not Active, Not Active, Not Active
2026/09/24 11:09:29.691, NVIDIA GeForce RTX 5070 Ti Laptop GPU, 5, 0, 10935, 12227, 78, 18.57, [N/A], 360, 810, P5, Not Active, Not Active, Not Active
2026/09/24 11:09:30.695, NVIDIA GeForce RTX 5070 Ti Laptop GPU, 6, 1, 10935, 12227, 77, 17.95, [N/A], 442, 405, P8, Not Active, Not Active, Not Active
2026/09/24 11:09:31.700, NVIDIA GeForce RTX 5070 Ti Laptop GPU, 10, 1, 10935, 12227, 77, 15.29, [N/A], 502, 405, P8, Not Active, Not Active, Not Active
2026/09/24 11:09:32.704, NVIDIA GeForce RTX 5070 Ti Laptop GPU, 10, 1, 10935, 12227, 77, 14.98, [N/A], 495, 405, P8, Not Active, Not Active, Not Active
2026/09/24 11:09:33.705, NVIDIA GeForce RTX 5070 Ti Laptop GPU, 8, 1, 10935, 12227, 77, 15.07, [N/A], 502, 405, P8, Not Active, Not Active, Not Active
2026/09/24 11:09:34.707, NVIDIA GeForce RTX 5070 Ti Laptop GPU, 10, 2, 10935, 12227, 77, 14.99, [N/A], 472, 405, P8, Not Active, Not Active, Not Active
2026/09/24 11:09:35.708, NVIDIA GeForce RTX 5070 Ti Laptop GPU, 10, 1, 10935, 12227, 76, 15.15, [N/A], 502, 405, P8, Not Active, Not Active, Not Active
2026/09/24 11:09:36.725, NVIDIA GeForce RTX 5070 Ti Laptop GPU, 10, 1, 10935, 12227, 76, 15.13, [N/A], 495, 405, P8, Not Active, Not Active, Not Active
2026/09/24 11:09:37.731, NVIDIA GeForce RTX 5070 Ti Laptop GPU, 10, 1, 10935, 12227, 76, 14.80, [N/A], 480, 405, P8, Not Active, Not Active, Not Active
2026/09/24 11:09:38.746, NVIDIA GeForce RTX 5070 Ti Laptop GPU, 7, 1, 10935, 12227, 76, 14.72, [N/A], 502, 405, P8, Not Active, Not Active, Not Active
2026/09/24 11:09:39.753, NVIDIA GeForce RTX 5070 Ti Laptop GPU, 10, 1, 10935, 12227, 76, 14.85, [N/A], 465, 405, P8, Not Active, Not Active, Not Active
2026/09/24 11:09:40.771, NVIDIA GeForce RTX 5070 Ti Laptop GPU, 10, 1, 10935, 12227, 75, 14.85, [N/A], 502, 405, P8, Not Active, Not Active, Not Active
2026/09/24 11:09:41.778, NVIDIA GeForce RTX 5070 Ti Laptop GPU, 10, 1, 10935, 12227, 75, 14.83, [N/A], 502, 405, P8, Not Active, Not Active, Not Active
2026/09/24 11:09:42.782, NVIDIA GeForce RTX 5070 Ti Laptop GPU, 6, 1, 10935, 12227, 75, 14.59, [N/A], 502, 405, P8, Not Active, Not Active, Not Active
2026/09/24 11:09:43.783, NVIDIA GeForce RTX 5070 Ti Laptop GPU, 10, 1, 10935, 12227, 75, 14.61, [N/A], 442, 405, P8, Not Active, Not Active, Not Active
2026/09/24 11:09:44.783, NVIDIA GeForce RTX 5070 Ti Laptop GPU, 10, 1, 10935, 12227, 74, 14.61, [N/A], 510, 405, P8, Not Active, Not Active, Not Active
2026/09/24 11:09:45.796, NVIDIA GeForce RTX 5070 Ti Laptop GPU, 8, 1, 10935, 12227, 74, 14.54, [N/A], 502, 405, P8, Not Active, Not Active, Not Active
2026/09/24 11:09:46.799, NVIDIA GeForce RTX 5070 Ti Laptop GPU, 10, 1, 10935, 12227, 74, 14.49, [N/A], 465, 405, P8, Not Active, Not Active, Not Active
2026/09/24 11:09:47.801, NVIDIA GeForce RTX 5070 Ti Laptop GPU, 10, 1, 10935, 12227, 74, 14.44, [N/A], 502, 405, P8, Not Active, Not Active, Not Active
2026/09/24 11:09:48.806, NVIDIA GeForce RTX 5070 Ti Laptop GPU, 8, 1, 10935, 12227, 74, 14.51, [N/A], 502, 405, P8, Not Active, Not Active, Not Active
2026/09/24 11:09:49.807, NVIDIA GeForce RTX 5070 Ti Laptop GPU, 9, 1, 10935, 12227, 74, 14.46, [N/A], 502, 405, P8, Not Active, Not Active, Not Active
2026/09/24 11:09:50.816, NVIDIA GeForce RTX 5070 Ti Laptop GPU, 10, 1, 10935, 12227, 74, 14.25, [N/A], 472, 405, P8, Not Active, Not Active, Not Active
2026/09/24 11:09:51.821, NVIDIA GeForce RTX 5070 Ti Laptop GPU, 10, 1, 10935, 12227, 73, 14.38, [N/A], 502, 405, P8, Not Active, Not Active, Not Active
2026/09/24 11:09:52.828, NVIDIA GeForce RTX 5070 Ti Laptop GPU, 10, 1, 10935, 12227, 73, 14.73, [N/A], 502, 405, P8, Not Active, Not Active, Not Active
2026/09/24 11:09:53.834, NVIDIA GeForce RTX 5070 Ti Laptop GPU, 10, 1, 10935, 12227, 73, 14.20, [N/A], 435, 405, P8, Not Active, Not Active, Not Active
2026/09/24 11:09:54.837, NVIDIA GeForce RTX 5070 Ti Laptop GPU, 10, 1, 10935, 12227, 73, 14.05, [N/A], 435, 405, P8, Not Active, Not Active, Not Active
2026/09/24 11:09:55.845, NVIDIA GeForce RTX 5070 Ti Laptop GPU, 10, 1, 10935, 12227, 73, 14.11, [N/A], 472, 405, P8, Not Active, Not Active, Not Active
2026/09/24 11:09:56.855, NVIDIA GeForce RTX 5070 Ti Laptop GPU, 10, 1, 10935, 12227, 73, 14.20, [N/A], 450, 405, P8, Not Active, Not Active, Not Active
