{
  "profile": "DWI-RESIDENT-0.1",
  "format": "DWRD0001",
  "count": 17,
  "record_count": 3,
  "state_width": 16,
  "function_count": 15,
  "heap_words": 2668,
  "mutation_steps": 92,
  "action_steps": 57,
  "header_words": [
    17,
    3,
    16,
    15,
    2668,
    92,
    57,
    0
  ],
  "record_metadata_words": [
    [
      1,
      1,
      4,
      5
    ],
    [
      5,
      3,
      4,
      5
    ],
    [
      30,
      2,
      4,
      5
    ]
  ],
  "function_descriptor_words": [
    [
      0,
      144,
      36,
      3,
      3,
      5
    ],
    [
      147,
      299,
      38,
      3,
      3,
      5
    ],
    [
      302,
      358,
      14,
      3,
      1,
      4
    ],
    [
      359,
      431,
      18,
      3,
      1,
      4
    ],
    [
      432,
      552,
      30,
      5,
      4,
      1
    ],
    [
      556,
      680,
      31,
      5,
      4,
      1
    ],
    [
      684,
      948,
      66,
      11,
      2,
      2
    ],
    [
      950,
      1214,
      66,
      11,
      2,
      2
    ],
    [
      1216,
      1576,
      90,
      15,
      4,
      3
    ],
    [
      1580,
      1964,
      96,
      15,
      4,
      3
    ],
    [
      1968,
      2276,
      77,
      5,
      4,
      6
    ],
    [
      2280,
      2392,
      28,
      7,
      2,
      7
    ],
    [
      2394,
      2406,
      3,
      1,
      1,
      8
    ],
    [
      2407,
      2443,
      9,
      7,
      5,
      9
    ],
    [
      2448,
      2652,
      51,
      21,
      16,
      10
    ]
  ],
  "functions": [
    {
      "handle": 0,
      "code_offset": 0,
      "output_register_offset": 144,
      "instruction_count": 36,
      "input_width": 3,
      "output_width": 3,
      "signature": 5,
      "output_registers": [
        18,
        31,
        35
      ]
    },
    {
      "handle": 1,
      "code_offset": 147,
      "output_register_offset": 299,
      "instruction_count": 38,
      "input_width": 3,
      "output_width": 3,
      "signature": 5,
      "output_registers": [
        20,
        33,
        37
      ]
    },
    {
      "handle": 2,
      "code_offset": 302,
      "output_register_offset": 358,
      "instruction_count": 14,
      "input_width": 3,
      "output_width": 1,
      "signature": 4,
      "output_registers": [
        13
      ]
    },
    {
      "handle": 3,
      "code_offset": 359,
      "output_register_offset": 431,
      "instruction_count": 18,
      "input_width": 3,
      "output_width": 1,
      "signature": 4,
      "output_registers": [
        17
      ]
    },
    {
      "handle": 4,
      "code_offset": 432,
      "output_register_offset": 552,
      "instruction_count": 30,
      "input_width": 5,
      "output_width": 4,
      "signature": 1,
      "output_registers": [
        18,
        25,
        27,
        29
      ]
    },
    {
      "handle": 5,
      "code_offset": 556,
      "output_register_offset": 680,
      "instruction_count": 31,
      "input_width": 5,
      "output_width": 4,
      "signature": 1,
      "output_registers": [
        19,
        26,
        28,
        30
      ]
    },
    {
      "handle": 6,
      "code_offset": 684,
      "output_register_offset": 948,
      "instruction_count": 66,
      "input_width": 11,
      "output_width": 2,
      "signature": 2,
      "output_registers": [
        58,
        65
      ]
    },
    {
      "handle": 7,
      "code_offset": 950,
      "output_register_offset": 1214,
      "instruction_count": 66,
      "input_width": 11,
      "output_width": 2,
      "signature": 2,
      "output_registers": [
        58,
        65
      ]
    },
    {
      "handle": 8,
      "code_offset": 1216,
      "output_register_offset": 1576,
      "instruction_count": 90,
      "input_width": 15,
      "output_width": 4,
      "signature": 3,
      "output_registers": [
        56,
        85,
        88,
        89
      ]
    },
    {
      "handle": 9,
      "code_offset": 1580,
      "output_register_offset": 1964,
      "instruction_count": 96,
      "input_width": 15,
      "output_width": 4,
      "signature": 3,
      "output_registers": [
        57,
        86,
        89,
        95
      ]
    },
    {
      "handle": 10,
      "code_offset": 1968,
      "output_register_offset": 2276,
      "instruction_count": 77,
      "input_width": 5,
      "output_width": 4,
      "signature": 6,
      "output_registers": [
        64,
        66,
        68,
        76
      ]
    },
    {
      "handle": 11,
      "code_offset": 2280,
      "output_register_offset": 2392,
      "instruction_count": 28,
      "input_width": 7,
      "output_width": 2,
      "signature": 7,
      "output_registers": [
        10,
        27
      ]
    },
    {
      "handle": 12,
      "code_offset": 2394,
      "output_register_offset": 2406,
      "instruction_count": 3,
      "input_width": 1,
      "output_width": 1,
      "signature": 8,
      "output_registers": [
        2
      ]
    },
    {
      "handle": 13,
      "code_offset": 2407,
      "output_register_offset": 2443,
      "instruction_count": 9,
      "input_width": 7,
      "output_width": 5,
      "signature": 9,
      "output_registers": [
        0,
        1,
        2,
        3,
        8
      ]
    },
    {
      "handle": 14,
      "code_offset": 2448,
      "output_register_offset": 2652,
      "instruction_count": 51,
      "input_width": 21,
      "output_width": 16,
      "signature": 10,
      "output_registers": [
        14,
        37,
        40,
        3,
        25,
        4,
        26,
        45,
        2,
        46,
        47,
        48,
        49,
        50,
        0,
        21
      ]
    }
  ],
  "heap": [
    0,
    1065353216,
    0,
    0,
    1,
    2,
    0,
    0,
    0,
    0,
    0,
    0,
    15,
    1,
    2,
    0,
    15,
    2,
    1,
    0,
    2,
    3,
    4,
    0,
    3,
    0,
    5,
    0,
    15,
    1,
    0,
    0,
    15,
    0,
    1,
    0,
    2,
    7,
    8,
    0,
    3,
    0,
    9,
    0,
    2,
    6,
    10,
    0,
    17,
    11,
    0,
    0,
    1,
    0,
    0,
    0,
    14,
    13,
    0,
    0,
    3,
    13,
    14,
    0,
    15,
    15,
    0,
    0,
    0,
    1065353215,
    0,
    0,
    16,
    16,
    15,
    17,
    0,
    1073741824,
    0,
    0,
    0,
    1056964608,
    0,
    0,
    4,
    20,
    14,
    0,
    14,
    21,
    0,
    0,
    4,
    19,
    22,
    0,
    3,
    14,
    23,
    0,
    1,
    1,
    0,
    0,
    13,
    25,
    0,
    0,
    16,
    24,
    26,
    25,
    14,
    27,
    0,
    0,
    3,
    27,
    28,
    0,
    15,
    29,
    0,
    0,
    16,
    30,
    29,
    17,
    2,
    1,
    24,
    0,
    4,
    19,
    1,
    0,
    4,
    33,
    24,
    0,
    3,
    32,
    34,
    0,
    18,
    31,
    35,
    0,
    1065353216,
    0,
    0,
    1,
    2,
    0,
    0,
    0,
    0,
    0,
    0,
    15,
    1,
    2,
    0,
    15,
    2,
    1,
    0,
    2,
    3,
    4,
    0,
    3,
    0,
    5,
    0,
    15,
    1,
    0,
    0,
    15,
    0,
    1,
    0,
    2,
    7,
    8,
    0,
    3,
    0,
    9,
    0,
    2,
    6,
    10,
    0,
    17,
    11,
    0,
    0,
    1,
    0,
    0,
    0,
    0,
    1031798784,
    0,
    0,
    2,
    13,
    14,
    0,
    14,
    15,
    0,
    0,
    3,
    15,
    16,
    0,
    15,
    17,
    0,
    0,
    0,
    1065353215,
    0,
    0,
    16,
    18,
    17,
    19,
    0,
    1073741824,
    0,
    0,
    0,
    1056964608,
    0,
    0,
    4,
    22,
    16,
    0,
    14,
    23,
    0,
    0,
    4,
    21,
    24,
    0,
    3,
    16,
    25,
    0,
    1,
    1,
    0,
    0,
    13,
    27,
    0,
    0,
    16,
    26,
    28,
    27,
    14,
    29,
    0,
    0,
    3,
    29,
    30,
    0,
    15,
    31,
    0,
    0,
    16,
    32,
    31,
    19,
    2,
    1,
    26,
    0,
    4,
    21,
    1,
    0,
    4,
    35,
    26,
    0,
    3,
    34,
    36,
    0,
    20,
    33,
    37,
    0,
    0,
    0,
    0,
    1,
    2,
    0,
    0,
    15,
    0,
    1,
    0,
    17,
    2,
    0,
    0,
    0,
    1056964608,
    0,
    0,
    15,
    1,
    4,
    0,
    17,
    5,
    0,
    0,
    1,
    0,
    0,
    0,
    4,
    7,
    7,
    0,
    1,
    1,
    0,
    0,
    4,
    9,
    9,
    0,
    2,
    8,
    10,
    0,
    9,
    11,
    0,
    0,
    3,
    12,
    1,
    0,
    13,
    0,
    0,
    0,
    0,
    1,
    2,
    0,
    0,
    15,
    0,
    1,
    0,
    17,
    2,
    0,
    0,
    0,
    1056964608,
    0,
    0,
    15,
    1,
    4,
    0,
    17,
    5,
    0,
    0,
    0,
    1023410176,
    0,
    0,
    2,
    1,
    7,
    0,
    15,
    8,
    4,
    0,
    17,
    9,
    0,
    0,
    1,
    0,
    0,
    0,
    4,
    11,
    11,
    0,
    1,
    1,
    0,
    0,
    4,
    13,
    13,
    0,
    2,
    12,
    14,
    0,
    9,
    15,
    0,
    0,
    3,
    16,
    8,
    0,
    17,
    1,
    0,
    0,
    0,
    1,
    2,
    0,
    0,
    2,
    0,
    1,
    0,
    0,
    1060439283,
    0,
    0,
    4,
    2,
    3,
    0,
    1,
    4,
    0,
    0,
    7,
    5,
    0,
    0,
    3,
    0,
    1,
    0,
    4,
    7,
    3,
    0,
    4,
    6,
    8,
    0,
    6,
    5,
    0,
    0,
    1,
    1,
    0,
    0,
    1,
    3,
    0,
    0,
    3,
    11,
    12,
    0,
    4,
    13,
    3,
    0,
    4,
    10,
    14,
    0,
    3,
    9,
    15,
    0,
    2,
    4,
    16,
    0,
    4,
    17,
    3,
    0,
    2,
    11,
    12,
    0,
    4,
    19,
    3,
    0,
    4,
    10,
    8,
    0,
    4,
    6,
    14,
    0,
    2,
    21,
    22,
    0,
    2,
    20,
    23,
    0,
    4,
    24,
    3,
    0,
    3,
    4,
    16,
    0,
    4,
    26,
    3,
    0,
    3,
    20,
    23,
    0,
    4,
    28,
    3,
    0,
    18,
    25,
    27,
    29,
    1,
    0,
    0,
    0,
    1,
    2,
    0,
    0,
    2,
    0,
    1,
    0,
    0,
    1060439283,
    0,
    0,
    4,
    2,
    3,
    0,
    1,
    4,
    0,
    0,
    13,
    5,
    0,
    0,
    7,
    6,
    0,
    0,
    3,
    0,
    1,
    0,
    4,
    8,
    3,
    0,
    4,
    7,
    9,
    0,
    6,
    6,
    0,
    0,
    1,
    1,
    0,
    0,
    1,
    3,
    0,
    0,
    3,
    12,
    13,
    0,
    4,
    14,
    3,
    0,
    4,
    11,
    15,
    0,
    3,
    10,
    16,
    0,
    2,
    4,
    17,
    0,
    4,
    18,
    3,
    0,
    2,
    12,
    13,
    0,
    4,
    20,
    3,
    0,
    4,
    11,
    9,
    0,
    4,
    7,
    15,
    0,
    2,
    22,
    23,
    0,
    2,
    21,
    24,
    0,
    4,
    25,
    3,
    0,
    3,
    4,
    17,
    0,
    4,
    27,
    3,
    0,
    3,
    21,
    24,
    0,
    4,
    29,
    3,
    0,
    19,
    26,
    28,
    30,
    0,
    1065353216,
    0,
    0,
    0,
    0,
    0,
    0,
    1,
    7,
    0,
    0,
    3,
    2,
    1,
    0,
    10,
    3,
    0,
    0,
    15,
    1,
    4,
    0,
    3,
    0,
    5,
    0,
    3,
    2,
    0,
    0,
    10,
    7,
    0,
    0,
    15,
    1,
    8,
    0,
    3,
    0,
    9,
    0,
    16,
    6,
    0,
    10,
    17,
    11,
    0,
    0,
    1,
    1,
    0,
    0,
    0,
    1106247680,
    0,
    0,
    3,
    13,
    14,
    0,
    10,
    15,
    0,
    0,
    15,
    1,
    16,
    0,
    3,
    0,
    17,
    0,
    0,
    1088421888,
    0,
    0,
    3,
    13,
    0,
    0,
    10,
    20,
    0,
    0,
    15,
    1,
    21,
    0,
    3,
    0,
    22,
    0,
    1,
    4,
    0,
    0,
    1,
    5,
    0,
    0,
    3,
    24,
    25,
    0,
    0,
    1048576000,
    0,
    0,
    1,
    2,
    0,
    0,
    0,
    1056964608,
    0,
    0,
    1,
    10,
    0,
    0,
    4,
    29,
    30,
    0,
    2,
    28,
    31,
    0,
    4,
    27,
    32,
    0,
    2,
    26,
    33,
    0,
    0,
    1040187392,
    0,
    0,
    1,
    9,
    0,
    0,
    4,
    35,
    36,
    0,
    0,
    1031798784,
    0,
    0,
    4,
    38,
    2,
    0,
    2,
    37,
    39,
    0,
    2,
    34,
    40,
    0,
    0,
    1023410176,
    0,
    0,
    1,
    0,
    0,
    0,
    0,
    1082130432,
    0,
    0,
    3,
    43,
    44,
    0,
    4,
    42,
    45,
    0,
    2,
    41,
    46,
    0,
    15,
    47,
    1,
    0,
    0,
    1084227584,
    0,
    0,
    16,
    48,
    49,
    44,
    3,
    13,
    49,
    0,
    10,
    51,
    0,
    0,
    15,
    1,
    52,
    0,
    3,
    0,
    53,
    0,
    0,
    1090519040,
    0,
    0,
    16,
    54,
    55,
    43,
    16,
    23,
    50,
    56,
    16,
    18,
    19,
    57,
    1,
    8,
    0,
    0,
    0,
    981668463,
    0,
    0,
    4,
    60,
    32,
    0,
    0,
    990057071,
    0,
    0,
    4,
    62,
    24,
    0,
    2,
    61,
    63,
    0,
    2,
    59,
    64,
    0,
    58,
    65,
    0,
    1065353216,
    0,
    0,
    0,
    0,
    0,
    0,
    1,
    7,
    0,
    0,
    3,
    2,
    1,
    0,
    10,
    3,
    0,
    0,
    15,
    1,
    4,
    0,
    3,
    0,
    5,
    0,
    3,
    2,
    0,
    0,
    10,
    7,
    0,
    0,
    15,
    1,
    8,
    0,
    3,
    0,
    9,
    0,
    16,
    6,
    0,
    10,
    17,
    11,
    0,
    0,
    1,
    1,
    0,
    0,
    0,
    1106247680,
    0,
    0,
    3,
    13,
    14,
    0,
    10,
    15,
    0,
    0,
    15,
    1,
    16,
    0,
    3,
    0,
    17,
    0,
    0,
    1088421888,
    0,
    0,
    3,
    13,
    0,
    0,
    10,
    20,
    0,
    0,
    15,
    1,
    21,
    0,
    3,
    0,
    22,
    0,
    1,
    4,
    0,
    0,
    1,
    5,
    0,
    0,
    3,
    24,
    25,
    0,
    0,
    1048576000,
    0,
    0,
    1,
    2,
    0,
    0,
    0,
    1056964608,
    0,
    0,
    1,
    10,
    0,
    0,
    4,
    29,
    30,
    0,
    2,
    28,
    31,
    0,
    4,
    27,
    32,
    0,
    2,
    26,
    33,
    0,
    0,
    1040187392,
    0,
    0,
    1,
    9,
    0,
    0,
    4,
    35,
    36,
    0,
    0,
    1031798784,
    0,
    0,
    4,
    38,
    2,
    0,
    2,
    37,
    39,
    0,
    2,
    34,
    40,
    0,
    0,
    1023410176,
    0,
    0,
    1,
    0,
    0,
    0,
    0,
    1082130432,
    0,
    0,
    3,
    43,
    44,
    0,
    4,
    42,
    45,
    0,
    2,
    41,
    46,
    0,
    15,
    47,
    1,
    0,
    0,
    1084227584,
    0,
    0,
    16,
    48,
    44,
    49,
    3,
    13,
    49,
    0,
    10,
    51,
    0,
    0,
    15,
    1,
    52,
    0,
    3,
    0,
    53,
    0,
    0,
    1091567616,
    0,
    0,
    16,
    54,
    55,
    43,
    16,
    23,
    50,
    56,
    16,
    18,
    19,
    57,
    1,
    8,
    0,
    0,
    0,
    981668463,
    0,
    0,
    4,
    60,
    32,
    0,
    0,
    990057071,
    0,
    0,
    4,
    62,
    24,
    0,
    2,
    61,
    63,
    0,
    2,
    59,
    64,
    0,
    58,
    65,
    0,
    1065353216,
    0,
    0,
    1,
    2,
    0,
    0,
    0,
    0,
    0,
    0,
    15,
    1,
    2,
    0,
    15,
    2,
    1,
    0,
    2,
    3,
    4,
    0,
    3,
    0,
    5,
    0,
    15,
    1,
    0,
    0,
    15,
    0,
    1,
    0,
    2,
    7,
    8,
    0,
    3,
    0,
    9,
    0,
    2,
    6,
    10,
    0,
    17,
    11,
    0,
    0,
    1,
    8,
    0,
    0,
    15,
    2,
    13,
    0,
    17,
    14,
    0,
    0,
    1,
    14,
    0,
    0,
    3,
    16,
    2,
    0,
    10,
    17,
    0,
    0,
    15,
    2,
    18,
    0,
    3,
    0,
    19,
    0,
    3,
    16,
    0,
    0,
    10,
    21,
    0,
    0,
    15,
    2,
    22,
    0,
    3,
    0,
    23,
    0,
    16,
    20,
    0,
    24,
    17,
    25,
    0,
    0,
    1,
    0,
    0,
    0,
    1,
    9,
    0,
    0,
    0,
    1008981770,
    0,
    0,
    1,
    3,
    0,
    0,
    1,
    5,
    0,
    0,
    3,
    30,
    31,
    0,
    4,
    29,
    32,
    0,
    0,
    1000593162,
    0,
    0,
    1,
    7,
    0,
    0,
    4,
    34,
    35,
    0,
    0,
    981668463,
    0,
    0,
    1,
    11,
    0,
    0,
    4,
    37,
    38,
    0,
    2,
    36,
    39,
    0,
    2,
    33,
    40,
    0,
    2,
    28,
    41,
    0,
    0,
    973279855,
    0,
    0,
    0,
    1073741824,
    0,
    0,
    4,
    44,
    16,
    0,
    3,
    45,
    0,
    0,
    4,
    43,
    46,
    0,
    2,
    42,
    47,
    0,
    4,
    13,
    48,
    0,
    4,
    0,
    49,
    0,
    2,
    27,
    50,
    0,
    14,
    51,
    0,
    0,
    3,
    51,
    52,
    0,
    15,
    53,
    0,
    0,
    0,
    1065353215,
    0,
    0,
    16,
    54,
    53,
    55,
    0,
    1056964608,
    0,
    0,
    4,
    57,
    52,
    0,
    14,
    58,
    0,
    0,
    4,
    44,
    59,
    0,
    3,
    52,
    60,
    0,
    1,
    1,
    0,
    0,
    4,
    44,
    1,
    0,
    3,
    0,
    63,
    0,
    1,
    10,
    0,
    0,
    1,
    4,
    0,
    0,
    1,
    6,
    0,
    0,
    3,
    66,
    67,
    0,
    4,
    29,
    68,
    0,
    1,
    12,
    0,
    0,
    4,
    37,
    70,
    0,
    2,
    36,
    71,
    0,
    2,
    69,
    72,
    0,
    2,
    65,
    73,
    0,
    2,
    74,
    47,
    0,
    4,
    13,
    75,
    0,
    4,
    0,
    76,
    0,
    4,
    64,
    77,
    0,
    2,
    62,
    78,
    0,
    13,
    79,
    0,
    0,
    16,
    61,
    80,
    79,
    14,
    81,
    0,
    0,
    3,
    81,
    82,
    0,
    15,
    83,
    0,
    0,
    16,
    84,
    83,
    55,
    2,
    1,
    61,
    0,
    4,
    63,
    61,
    0,
    3,
    86,
    87,
    0,
    1,
    13,
    0,
    0,
    56,
    85,
    88,
    89,
    0,
    1065353216,
    0,
    0,
    1,
    2,
    0,
    0,
    0,
    0,
    0,
    0,
    15,
    1,
    2,
    0,
    15,
    2,
    1,
    0,
    2,
    3,
    4,
    0,
    3,
    0,
    5,
    0,
    15,
    1,
    0,
    0,
    15,
    0,
    1,
    0,
    2,
    7,
    8,
    0,
    3,
    0,
    9,
    0,
    2,
    6,
    10,
    0,
    17,
    11,
    0,
    0,
    1,
    8,
    0,
    0,
    15,
    2,
    13,
    0,
    17,
    14,
    0,
    0,
    1,
    14,
    0,
    0,
    3,
    16,
    2,
    0,
    10,
    17,
    0,
    0,
    15,
    2,
    18,
    0,
    3,
    0,
    19,
    0,
    3,
    16,
    0,
    0,
    10,
    21,
    0,
    0,
    15,
    2,
    22,
    0,
    3,
    0,
    23,
    0,
    16,
    20,
    0,
    24,
    17,
    25,
    0,
    0,
    1,
    0,
    0,
    0,
    0,
    3212836864,
    0,
    0,
    1,
    9,
    0,
    0,
    0,
    1008981770,
    0,
    0,
    1,
    3,
    0,
    0,
    1,
    5,
    0,
    0,
    3,
    31,
    32,
    0,
    4,
    30,
    33,
    0,
    0,
    1000593162,
    0,
    0,
    1,
    7,
    0,
    0,
    4,
    35,
    36,
    0,
    0,
    981668463,
    0,
    0,
    1,
    11,
    0,
    0,
    4,
    38,
    39,
    0,
    2,
    37,
    40,
    0,
    2,
    34,
    41,
    0,
    2,
    29,
    42,
    0,
    0,
    973279855,
    0,
    0,
    0,
    1073741824,
    0,
    0,
    4,
    45,
    16,
    0,
    3,
    46,
    0,
    0,
    4,
    44,
    47,
    0,
    2,
    43,
    48,
    0,
    4,
    13,
    49,
    0,
    4,
    28,
    50,
    0,
    2,
    27,
    51,
    0,
    14,
    52,
    0,
    0,
    3,
    52,
    53,
    0,
    15,
    54,
    0,
    0,
    0,
    1065353215,
    0,
    0,
    16,
    55,
    54,
    56,
    0,
    1056964608,
    0,
    0,
    4,
    58,
    53,
    0,
    14,
    59,
    0,
    0,
    4,
    45,
    60,
    0,
    3,
    53,
    61,
    0,
    1,
    1,
    0,
    0,
    4,
    45,
    1,
    0,
    3,
    0,
    64,
    0,
    1,
    10,
    0,
    0,
    1,
    4,
    0,
    0,
    1,
    6,
    0,
    0,
    3,
    67,
    68,
    0,
    4,
    30,
    69,
    0,
    1,
    12,
    0,
    0,
    4,
    38,
    71,
    0,
    2,
    37,
    72,
    0,
    2,
    70,
    73,
    0,
    2,
    66,
    74,
    0,
    2,
    75,
    48,
    0,
    4,
    13,
    76,
    0,
    4,
    28,
    77,
    0,
    4,
    65,
    78,
    0,
    2,
    63,
    79,
    0,
    13,
    80,
    0,
    0,
    16,
    62,
    81,
    80,
    14,
    82,
    0,
    0,
    3,
    82,
    83,
    0,
    15,
    84,
    0,
    0,
    16,
    85,
    84,
    56,
    2,
    1,
    62,
    0,
    4,
    64,
    62,
    0,
    3,
    87,
    88,
    0,
    1,
    13,
    0,
    0,
    3,
    90,
    2,
    0,
    10,
    91,
    0,
    0,
    15,
    2,
    92,
    0,
    3,
    0,
    93,
    0,
    16,
    94,
    0,
    2,
    57,
    86,
    89,
    95,
    0,
    1065353216,
    0,
    0,
    1,
    0,
    0,
    0,
    0,
    0,
    0,
    0,
    15,
    1,
    2,
    0,
    3,
    0,
    3,
    0,
    15,
    1,
    0,
    0,
    4,
    4,
    5,
    0,
    17,
    6,
    0,
    0,
    1,
    1,
    0,
    0,
    15,
    8,
    2,
    0,
    3,
    0,
    9,
    0,
    15,
    8,
    0,
    0,
    4,
    10,
    11,
    0,
    17,
    12,
    0,
    0,
    1,
    2,
    0,
    0,
    15,
    14,
    2,
    0,
    3,
    0,
    15,
    0,
    15,
    14,
    0,
    0,
    4,
    16,
    17,
    0,
    17,
    18,
    0,
    0,
    1,
    3,
    0,
    0,
    15,
    20,
    2,
    0,
    3,
    0,
    21,
    0,
    15,
    20,
    0,
    0,
    4,
    22,
    23,
    0,
    17,
    24,
    0,
    0,
    1,
    4,
    0,
    0,
    15,
    26,
    2,
    0,
    15,
    2,
    26,
    0,
    2,
    27,
    28,
    0,
    3,
    0,
    29,
    0,
    15,
    26,
    0,
    0,
    15,
    0,
    26,
    0,
    2,
    31,
    32,
    0,
    3,
    0,
    33,
    0,
    2,
    30,
    34,
    0,
    17,
    35,
    0,
    0,
    3,
    1,
    14,
    0,
    3,
    37,
    0,
    0,
    4,
    38,
    38,
    0,
    13,
    20,
    0,
    0,
    3,
    8,
    40,
    0,
    0,
    1056964608,
    0,
    0,
    2,
    41,
    42,
    0,
    14,
    43,
    0,
    0,
    3,
    41,
    44,
    0,
    4,
    45,
    45,
    0,
    2,
    39,
    46,
    0,
    3,
    37,
    2,
    0,
    4,
    48,
    48,
    0,
    3,
    8,
    20,
    0,
    2,
    50,
    42,
    0,
    14,
    51,
    0,
    0,
    3,
    50,
    52,
    0,
    4,
    53,
    53,
    0,
    2,
    49,
    54,
    0,
    0,
    3212836864,
    0,
    0,
    3,
    37,
    56,
    0,
    4,
    57,
    57,
    0,
    2,
    58,
    46,
    0,
    15,
    55,
    59,
    0,
    16,
    60,
    55,
    59,
    15,
    47,
    61,
    0,
    16,
    60,
    48,
    57,
    16,
    62,
    38,
    63,
    16,
    60,
    53,
    45,
    16,
    62,
    45,
    65,
    16,
    60,
    2,
    56,
    16,
    62,
    0,
    67,
    10,
    68,
    0,
    0,
    2,
    69,
    26,
    0,
    0,
    1073741824,
    0,
    0,
    4,
    71,
    69,
    0,
    4,
    72,
    26,
    0,
    3,
    70,
    73,
    0,
    13,
    66,
    0,
    0,
    16,
    74,
    75,
    66,
    64,
    66,
    68,
    76,
    0,
    1065353216,
    0,
    0,
    0,
    0,
    0,
    0,
    1,
    1,
    0,
    0,
    0,
    1084227584,
    0,
    0,
    3,
    2,
    3,
    0,
    10,
    4,
    0,
    0,
    15,
    1,
    5,
    0,
    3,
    0,
    6,
    0,
    0,
    1077936128,
    0,
    0,
    1,
    0,
    0,
    0,
    16,
    7,
    8,
    9,
    0,
    1050253722,
    0,
    0,
    0,
    1028443341,
    0,
    0,
    1,
    4,
    0,
    0,
    0,
    981668463,
    0,
    0,
    4,
    14,
    7,
    0,
    1,
    2,
    0,
    0,
    1,
    5,
    0,
    0,
    3,
    16,
    17,
    0,
    1,
    3,
    0,
    0,
    1,
    6,
    0,
    0,
    3,
    19,
    20,
    0,
    2,
    18,
    21,
    0,
    4,
    14,
    22,
    0,
    2,
    15,
    23,
    0,
    2,
    13,
    24,
    0,
    12,
    12,
    25,
    0,
    11,
    11,
    26,
    0,
    10,
    27,
    1,
    0,
    0,
    0,
    0,
    1065353216,
    0,
    0,
    2,
    0,
    1,
    0,
    2,
    1,
    0,
    0,
    0,
    1,
    1,
    0,
    0,
    1,
    2,
    0,
    0,
    1,
    3,
    0,
    0,
    1,
    4,
    0,
    0,
    1,
    5,
    0,
    0,
    1,
    6,
    0,
    0,
    4,
    5,
    6,
    0,
    2,
    4,
    7,
    0,
    0,
    1,
    2,
    3,
    8,
    1,
    0,
    0,
    0,
    0,
    1017370378,
    0,
    0,
    1,
    8,
    0,
    0,
    1,
    16,
    0,
    0,
    1,
    18,
    0,
    0,
    3,
    3,
    4,
    0,
    4,
    2,
    5,
    0,
    4,
    1,
    6,
    0,
    2,
    0,
    7,
    0,
    14,
    8,
    0,
    0,
    3,
    8,
    9,
    0,
    0,
    1065353216,
    0,
    0,
    15,
    10,
    11,
    0,
    0,
    1065353215,
    0,
    0,
    16,
    12,
    10,
    13,
    0,
    1073741824,
    0,
    0,
    0,
    1056964608,
    0,
    0,
    4,
    16,
    9,
    0,
    14,
    17,
    0,
    0,
    4,
    15,
    18,
    0,
    3,
    9,
    19,
    0,
    1,
    1,
    0,
    0,
    1,
    2,
    0,
    0,
    4,
    15,
    22,
    0,
    3,
    11,
    23,
    0,
    1,
    17,
    0,
    0,
    1,
    19,
    0,
    0,
    3,
    25,
    26,
    0,
    4,
    2,
    27,
    0,
    4,
    1,
    28,
    0,
    4,
    24,
    29,
    0,
    2,
    21,
    30,
    0,
    13,
    31,
    0,
    0,
    16,
    20,
    32,
    31,
    14,
    33,
    0,
    0,
    3,
    33,
    34,
    0,
    15,
    35,
    11,
    0,
    16,
    36,
    35,
    13,
    2,
    22,
    20,
    0,
    4,
    23,
    20,
    0,
    3,
    38,
    39,
    0,
    1,
    7,
    0,
    0,
    0,
    1008981770,
    0,
    0,
    1,
    20,
    0,
    0,
    4,
    42,
    43,
    0,
    2,
    41,
    44,
    0,
    1,
    9,
    0,
    0,
    1,
    3,
    0,
    0,
    1,
    4,
    0,
    0,
    1,
    5,
    0,
    0,
    1,
    6,
    0,
    0,
    14,
    37,
    40,
    3,
    25,
    4,
    26,
    45,
    2,
    46,
    47,
    48,
    49,
    50,
    0,
    21
  ],
  "mutation_plan": [
    [
      2,
      0,
      4294967295,
      0,
      24,
      0,
      0,
      0
    ],
    [
      1,
      24,
      0,
      16,
      0,
      0,
      0,
      0
    ],
    [
      2,
      40,
      2,
      0,
      24,
      0,
      0,
      0
    ],
    [
      2,
      64,
      1,
      0,
      24,
      0,
      0,
      0
    ],
    [
      9,
      88,
      0,
      0,
      0,
      0,
      0,
      0
    ],
    [
      10,
      192,
      4,
      1,
      0,
      0,
      0,
      0
    ],
    [
      10,
      193,
      5,
      1,
      0,
      0,
      0,
      0
    ],
    [
      10,
      194,
      6,
      1,
      0,
      0,
      0,
      0
    ],
    [
      4,
      4294967295,
      2,
      0,
      192,
      89,
      5,
      0
    ],
    [
      10,
      192,
      44,
      1,
      0,
      0,
      0,
      0
    ],
    [
      10,
      193,
      45,
      1,
      0,
      0,
      0,
      0
    ],
    [
      10,
      194,
      46,
      1,
      0,
      0,
      0,
      0
    ],
    [
      4,
      2,
      2,
      0,
      192,
      92,
      5,
      0
    ],
    [
      10,
      192,
      68,
      1,
      0,
      0,
      0,
      0
    ],
    [
      10,
      193,
      69,
      1,
      0,
      0,
      0,
      0
    ],
    [
      10,
      194,
      70,
      1,
      0,
      0,
      0,
      0
    ],
    [
      4,
      1,
      2,
      0,
      192,
      95,
      5,
      0
    ],
    [
      10,
      192,
      89,
      1,
      0,
      0,
      0,
      0
    ],
    [
      10,
      193,
      90,
      1,
      0,
      0,
      0,
      0
    ],
    [
      10,
      194,
      92,
      1,
      0,
      0,
      0,
      0
    ],
    [
      10,
      195,
      93,
      1,
      0,
      0,
      0,
      0
    ],
    [
      10,
      196,
      94,
      1,
      0,
      0,
      0,
      0
    ],
    [
      3,
      10,
      192,
      98,
      0,
      0,
      0,
      0
    ],
    [
      10,
      192,
      98,
      1,
      0,
      0,
      0,
      0
    ],
    [
      10,
      193,
      99,
      1,
      0,
      0,
      0,
      0
    ],
    [
      10,
      194,
      47,
      1,
      0,
      0,
      0,
      0
    ],
    [
      4,
      2,
      1,
      0,
      192,
      102,
      4,
      0
    ],
    [
      10,
      192,
      98,
      1,
      0,
      0,
      0,
      0
    ],
    [
      10,
      193,
      99,
      1,
      0,
      0,
      0,
      0
    ],
    [
      10,
      194,
      7,
      1,
      0,
      0,
      0,
      0
    ],
    [
      4,
      4294967295,
      1,
      0,
      192,
      117,
      4,
      0
    ],
    [
      10,
      192,
      0,
      1,
      0,
      0,
      0,
      0
    ],
    [
      10,
      193,
      88,
      1,
      0,
      0,
      0,
      0
    ],
    [
      10,
      194,
      102,
      1,
      0,
      0,
      0,
      0
    ],
    [
      10,
      195,
      27,
      1,
      0,
      0,
      0,
      0
    ],
    [
      10,
      196,
      28,
      1,
      0,
      0,
      0,
      0
    ],
    [
      10,
      197,
      29,
      1,
      0,
      0,
      0,
      0
    ],
    [
      10,
      198,
      30,
      1,
      0,
      0,
      0,
      0
    ],
    [
      10,
      199,
      33,
      1,
      0,
      0,
      0,
      0
    ],
    [
      10,
      200,
      12,
      1,
      0,
      0,
      0,
      0
    ],
    [
      10,
      201,
      52,
      1,
      0,
      0,
      0,
      0
    ],
    [
      10,
      202,
      117,
      1,
      0,
      0,
      0,
      0
    ],
    [
      4,
      2,
      0,
      0,
      192,
      103,
      2,
      0
    ],
    [
      10,
      192,
      89,
      1,
      0,
      0,
      0,
      0
    ],
    [
      10,
      193,
      90,
      1,
      0,
      0,
      0,
      0
    ],
    [
      10,
      194,
      95,
      1,
      0,
      0,
      0,
      0
    ],
    [
      10,
      195,
      96,
      1,
      0,
      0,
      0,
      0
    ],
    [
      10,
      196,
      97,
      1,
      0,
      0,
      0,
      0
    ],
    [
      3,
      10,
      192,
      105,
      0,
      0,
      0,
      0
    ],
    [
      10,
      192,
      105,
      1,
      0,
      0,
      0,
      0
    ],
    [
      10,
      193,
      106,
      1,
      0,
      0,
      0,
      0
    ],
    [
      10,
      194,
      71,
      1,
      0,
      0,
      0,
      0
    ],
    [
      4,
      1,
      1,
      0,
      192,
      109,
      4,
      0
    ],
    [
      10,
      192,
      89,
      1,
      0,
      0,
      0,
      0
    ],
    [
      10,
      193,
      90,
      1,
      0,
      0,
      0,
      0
    ],
    [
      10,
      194,
      91,
      1,
      0,
      0,
      0,
      0
    ],
    [
      10,
      195,
      27,
      1,
      0,
      0,
      0,
      0
    ],
    [
      10,
      196,
      28,
      1,
      0,
      0,
      0,
      0
    ],
    [
      10,
      197,
      29,
      1,
      0,
      0,
      0,
      0
    ],
    [
      10,
      198,
      30,
      1,
      0,
      0,
      0,
      0
    ],
    [
      10,
      199,
      109,
      1,
      0,
      0,
      0,
      0
    ],
    [
      10,
      200,
      32,
      1,
      0,
      0,
      0,
      0
    ],
    [
      10,
      201,
      13,
      1,
      0,
      0,
      0,
      0
    ],
    [
      10,
      202,
      14,
      1,
      0,
      0,
      0,
      0
    ],
    [
      10,
      203,
      38,
      1,
      0,
      0,
      0,
      0
    ],
    [
      10,
      204,
      39,
      1,
      0,
      0,
      0,
      0
    ],
    [
      10,
      205,
      2,
      1,
      0,
      0,
      0,
      0
    ],
    [
      10,
      206,
      33,
      1,
      0,
      0,
      0,
      0
    ],
    [
      4,
      1,
      0,
      0,
      192,
      110,
      3,
      0
    ],
    [
      10,
      192,
      1,
      1,
      0,
      0,
      0,
      0
    ],
    [
      10,
      193,
      103,
      1,
      0,
      0,
      0,
      0
    ],
    [
      10,
      194,
      110,
      1,
      0,
      0,
      0,
      0
    ],
    [
      10,
      195,
      111,
      1,
      0,
      0,
      0,
      0
    ],
    [
      10,
      196,
      7,
      1,
      0,
      0,
      0,
      0
    ],
    [
      10,
      197,
      38,
      1,
      0,
      0,
      0,
      0
    ],
    [
      10,
      198,
      39,
      1,
      0,
      0,
      0,
      0
    ],
    [
      3,
      11,
      192,
      114,
      0,
      0,
      0,
      0
    ],
    [
      10,
      192,
      3,
      1,
      0,
      0,
      0,
      0
    ],
    [
      3,
      12,
      192,
      116,
      0,
      0,
      0,
      0
    ],
    [
      10,
      17,
      0,
      1,
      0,
      0,
      0,
      0
    ],
    [
      10,
      0,
      103,
      1,
      0,
      0,
      0,
      0
    ],
    [
      10,
      1,
      114,
      1,
      0,
      0,
      0,
      0
    ],
    [
      10,
      2,
      113,
      1,
      0,
      0,
      0,
      0
    ],
    [
      10,
      3,
      116,
      1,
      0,
      0,
      0,
      0
    ],
    [
      10,
      4,
      110,
      1,
      0,
      0,
      0,
      0
    ],
    [
      10,
      5,
      111,
      1,
      0,
      0,
      0,
      0
    ],
    [
      10,
      6,
      112,
      1,
      0,
      0,
      0,
      0
    ],
    [
      10,
      7,
      115,
      1,
      0,
      0,
      0,
      0
    ],
    [
      10,
      12,
      104,
      1,
      0,
      0,
      0,
      0
    ],
    [
      10,
      16,
      102,
      1,
      0,
      0,
      0,
      0
    ],
    [
      10,
      18,
      109,
      1,
      0,
      0,
      0,
      0
    ],
    [
      5,
      0,
      0,
      24,
      0,
      0,
      0,
      0
    ]
  ],
  "action_plan": [
    [
      1,
      0,
      0,
      16,
      0,
      0,
      0,
      0
    ],
    [
      2,
      16,
      0,
      0,
      24,
      1,
      0,
      0
    ],
    [
      10,
      192,
      0,
      1,
      0,
      0,
      0,
      0
    ],
    [
      10,
      193,
      1,
      1,
      0,
      0,
      0,
      0
    ],
    [
      10,
      194,
      2,
      1,
      0,
      0,
      0,
      0
    ],
    [
      3,
      0,
      192,
      40,
      0,
      0,
      0,
      0
    ],
    [
      10,
      192,
      20,
      1,
      0,
      0,
      0,
      0
    ],
    [
      10,
      193,
      21,
      1,
      0,
      0,
      0,
      0
    ],
    [
      10,
      194,
      22,
      1,
      0,
      0,
      0,
      0
    ],
    [
      4,
      0,
      2,
      1,
      192,
      43,
      5,
      0
    ],
    [
      10,
      192,
      40,
      1,
      0,
      0,
      0,
      0
    ],
    [
      10,
      193,
      41,
      1,
      0,
      0,
      0,
      0
    ],
    [
      10,
      194,
      43,
      1,
      0,
      0,
      0,
      0
    ],
    [
      10,
      195,
      44,
      1,
      0,
      0,
      0,
      0
    ],
    [
      10,
      196,
      45,
      1,
      0,
      0,
      0,
      0
    ],
    [
      3,
      10,
      192,
      46,
      0,
      0,
      0,
      0
    ],
    [
      10,
      192,
      46,
      1,
      0,
      0,
      0,
      0
    ],
    [
      10,
      193,
      47,
      1,
      0,
      0,
      0,
      0
    ],
    [
      10,
      194,
      23,
      1,
      0,
      0,
      0,
      0
    ],
    [
      4,
      0,
      1,
      1,
      192,
      50,
      4,
      0
    ],
    [
      10,
      192,
      3,
      1,
      0,
      0,
      0,
      0
    ],
    [
      10,
      193,
      4,
      1,
      0,
      0,
      0,
      0
    ],
    [
      10,
      194,
      5,
      1,
      0,
      0,
      0,
      0
    ],
    [
      10,
      195,
      6,
      1,
      0,
      0,
      0,
      0
    ],
    [
      10,
      196,
      7,
      1,
      0,
      0,
      0,
      0
    ],
    [
      10,
      197,
      24,
      1,
      0,
      0,
      0,
      0
    ],
    [
      10,
      198,
      50,
      1,
      0,
      0,
      0,
      0
    ],
    [
      3,
      13,
      192,
      51,
      0,
      0,
      0,
      0
    ],
    [
      10,
      192,
      51,
      1,
      0,
      0,
      0,
      0
    ],
    [
      10,
      193,
      52,
      1,
      0,
      0,
      0,
      0
    ],
    [
      10,
      194,
      53,
      1,
      0,
      0,
      0,
      0
    ],
    [
      10,
      195,
      54,
      1,
      0,
      0,
      0,
      0
    ],
    [
      10,
      196,
      55,
      1,
      0,
      0,
      0,
      0
    ],
    [
      4,
      0,
      0,
      1,
      192,
      56,
      1,
      0
    ],
    [
      10,
      192,
      0,
      1,
      0,
      0,
      0,
      0
    ],
    [
      10,
      193,
      1,
      1,
      0,
      0,
      0,
      0
    ],
    [
      10,
      194,
      2,
      1,
      0,
      0,
      0,
      0
    ],
    [
      10,
      195,
      3,
      1,
      0,
      0,
      0,
      0
    ],
    [
      10,
      196,
      4,
      1,
      0,
      0,
      0,
      0
    ],
    [
      10,
      197,
      5,
      1,
      0,
      0,
      0,
      0
    ],
    [
      10,
      198,
      6,
      1,
      0,
      0,
      0,
      0
    ],
    [
      10,
      199,
      7,
      1,
      0,
      0,
      0,
      0
    ],
    [
      10,
      200,
      8,
      1,
      0,
      0,
      0,
      0
    ],
    [
      10,
      201,
      9,
      1,
      0,
      0,
      0,
      0
    ],
    [
      10,
      202,
      10,
      1,
      0,
      0,
      0,
      0
    ],
    [
      10,
      203,
      11,
      1,
      0,
      0,
      0,
      0
    ],
    [
      10,
      204,
      12,
      1,
      0,
      0,
      0,
      0
    ],
    [
      10,
      205,
      13,
      1,
      0,
      0,
      0,
      0
    ],
    [
      10,
      206,
      14,
      1,
      0,
      0,
      0,
      0
    ],
    [
      10,
      207,
      15,
      1,
      0,
      0,
      0,
      0
    ],
    [
      10,
      208,
      56,
      1,
      0,
      0,
      0,
      0
    ],
    [
      10,
      209,
      57,
      1,
      0,
      0,
      0,
      0
    ],
    [
      10,
      210,
      58,
      1,
      0,
      0,
      0,
      0
    ],
    [
      10,
      211,
      59,
      1,
      0,
      0,
      0,
      0
    ],
    [
      10,
      212,
      50,
      1,
      0,
      0,
      0,
      0
    ],
    [
      3,
      14,
      192,
      60,
      0,
      0,
      0,
      0
    ],
    [
      6,
      0,
      60,
      16,
      0,
      0,
      0,
      0
    ]
  ],
  "instance_words": 94,
  "instances_offset_bytes": 15888,
  "configuration_sha256": "373bb6ff3dc95f2ae802ea8d73be9894ca1494cd06ad798173c8bfc9728e8822",
  "all_status_ok": true,
  "failed_instance_count": 0,
  "instances": [
    {
      "epoch": 2,
      "status": 0,
      "failure_phase": 0,
      "failure_target_ordinal": 0,
      "failure_step": 0,
      "failure_detail": 0,
      "header_words": [
        2,
        0,
        0,
        0,
        0,
        0
      ],
      "state": [
        0.0038128290325403214,
        0.12489799410104752,
        0.0,
        0.5035074353218079,
        0.261060893535614,
        -0.25350743532180786,
        0.4889390468597412,
        0.13337582349777222,
        0.125,
        0.0,
        0.50905841588974,
        0.4685368537902832,
        -0.2590583860874176,
        0.281463086605072,
        0.001920292037539184,
        0.1254676878452301
      ],
      "state_bits": [
        997843112,
        1040173701,
        0,
        1057023453,
        1048947142,
        3196177338,
        1056593464,
        1040749484,
        1040187392,
        0,
        1057116583,
        1055908880,
        3196363597,
        1049631726,
        989573711,
        1040218778
      ],
      "records": [
        {
          "ordinal": 0,
          "source_index": 1,
          "body_handle": 5,
          "field_handle": 3,
          "placement_handle": 0,
          "generation": 2,
          "values": [
            0.43729978799819946,
            0.559904158115387,
            0.0,
            0.18186785280704498,
            1.0,
            0.0,
            0.0,
            0.4000000059604645,
            0.001861655036918819,
            0.0010000000474974513,
            0.0020000000949949026,
            0.0,
            0.14165490865707397,
            4.0,
            0.07549968361854553,
            0.0,
            0.0,
            0.0,
            0.0,
            0.0
          ],
          "value_bits": [
            1054860738,
            1057969633,
            0,
            1044003729,
            1065353216,
            0,
            0,
            1053609165,
            989070023,
            981668463,
            990057071,
            0,
            1041305084,
            1082130432,
            1033543572,
            0,
            0,
            0,
            0,
            0
          ],
          "raw_words": [
            5,
            3,
            0,
            2,
            1054860738,
            1057969633,
            0,
            1044003729,
            1065353216,
            0,
            0,
            1053609165,
            989070023,
            981668463,
            990057071,
            0,
            1041305084,
            1082130432,
            1033543572,
            0,
            0,
            0,
            0,
            0
          ],
          "key": "hadamard",
          "named_values": {
            "anchor_u": 0.43729978799819946,
            "anchor_v": 0.559904158115387,
            "anchor_orientation": 0.0,
            "radius": 0.18186785280704498,
            "phase_gain": 1.0,
            "shift_u": 0.0,
            "shift_v": 0.0,
            "placement_scale": 0.4000000059604645,
            "control": 0.001861655036918819,
            "du": 0.0010000000474974513,
            "dv": 0.0020000000949949026,
            "feedback_gain": 0.0,
            "last_mutator_field": 0.14165490865707397,
            "previous_body_handle": 4.0,
            "last_pinion_field": 0.07549968361854553,
            "reserved_0": 0.0,
            "reserved_1": 0.0,
            "reserved_2": 0.0,
            "reserved_3": 0.0,
            "reserved_4": 0.0
          },
          "slot_functions": {
            "body": "hinge_conjugate",
            "field": "disk_expanded",
            "placement": "placement_canonical"
          }
        },
        {
          "ordinal": 1,
          "source_index": 5,
          "body_handle": 9,
          "field_handle": 2,
          "placement_handle": 0,
          "generation": 2,
          "values": [
            0.6440199613571167,
            0.40971896052360535,
            0.0,
            0.18098126351833344,
            1.0,
            0.0,
            0.0,
            0.4000000059604645,
            0.0023206856567412615,
            0.0010000000474974513,
            0.0020000000949949026,
            0.0,
            0.29488107562065125,
            8.0,
            -0.1800525188446045,
            0.0,
            0.0,
            0.0,
            0.0,
            0.0
          ],
          "value_bits": [
            1059380862,
            1053935279,
            0,
            1043944231,
            1065353216,
            0,
            0,
            1053609165,
            991434405,
            981668463,
            990057071,
            0,
            1050081959,
            1090519040,
            3191365552,
            0,
            0,
            0,
            0,
            0
          ],
          "raw_words": [
            9,
            2,
            0,
            2,
            1059380862,
            1053935279,
            0,
            1043944231,
            1065353216,
            0,
            0,
            1053609165,
            991434405,
            981668463,
            990057071,
            0,
            1050081959,
            1090519040,
            3191365552,
            0,
            0,
            0,
            0,
            0
          ],
          "key": "pinion",
          "named_values": {
            "anchor_u": 0.6440199613571167,
            "anchor_v": 0.40971896052360535,
            "anchor_orientation": 0.0,
            "radius": 0.18098126351833344,
            "phase_gain": 1.0,
            "shift_u": 0.0,
            "shift_v": 0.0,
            "placement_scale": 0.4000000059604645,
            "control": 0.0023206856567412615,
            "du": 0.0010000000474974513,
            "dv": 0.0020000000949949026,
            "feedback_gain": 0.0,
            "last_mutator_field": 0.29488107562065125,
            "previous_body_handle": 8.0,
            "last_pinion_field": -0.1800525188446045,
            "reserved_0": 0.0,
            "reserved_1": 0.0,
            "reserved_2": 0.0,
            "reserved_3": 0.0,
            "reserved_4": 0.0
          },
          "slot_functions": {
            "body": "pinion_reverse",
            "field": "disk",
            "placement": "placement_canonical"
          }
        },
        {
          "ordinal": 2,
          "source_index": 30,
          "body_handle": 7,
          "field_handle": 2,
          "placement_handle": 0,
          "generation": 2,
          "values": [
            0.11879711598157883,
            0.601872980594635,
            0.0,
            0.18031452596187592,
            1.0,
            0.0,
            0.0,
            0.4000000059604645,
            0.0008974954253062606,
            0.0010000000474974513,
            0.0020000000949949026,
            0.0,
            -0.17971885204315186,
            7.0,
            0.2945474088191986,
            0.0,
            0.0,
            0.0,
            0.0,
            0.0
          ],
          "value_bits": [
            1039354855,
            1058673753,
            0,
            1043899487,
            1065353216,
            0,
            0,
            1053609165,
            980108774,
            981668463,
            990057071,
            0,
            3191343160,
            1088421888,
            1050070763,
            0,
            0,
            0,
            0,
            0
          ],
          "raw_words": [
            7,
            2,
            0,
            2,
            1039354855,
            1058673753,
            0,
            1043899487,
            1065353216,
            0,
            0,
            1053609165,
            980108774,
            981668463,
            990057071,
            0,
            3191343160,
            1088421888,
            1050070763,
            0,
            0,
            0,
            0,
            0
          ],
          "key": "mutation",
          "named_values": {
            "anchor_u": 0.11879711598157883,
            "anchor_v": 0.601872980594635,
            "anchor_orientation": 0.0,
            "radius": 0.18031452596187592,
            "phase_gain": 1.0,
            "shift_u": 0.0,
            "shift_v": 0.0,
            "placement_scale": 0.4000000059604645,
            "control": 0.0008974954253062606,
            "du": 0.0010000000474974513,
            "dv": 0.0020000000949949026,
            "feedback_gain": 0.0,
            "last_mutator_field": -0.17971885204315186,
            "previous_body_handle": 7.0,
            "last_pinion_field": 0.2945474088191986,
            "reserved_0": 0.0,
            "reserved_1": 0.0,
            "reserved_2": 0.0,
            "reserved_3": 0.0,
            "reserved_4": 0.0
          },
          "slot_functions": {
            "body": "mutation_successor",
            "field": "disk",
            "placement": "placement_canonical"
          }
        }
      ],
      "named_state": {
        "u": 0.0038128290325403214,
        "v": 0.12489799410104752,
        "orientation": 0.0,
        "ar": 0.5035074353218079,
        "ai": 0.261060893535614,
        "br": -0.25350743532180786,
        "bi": 0.4889390468597412,
        "phase": 0.13337582349777222,
        "dt": 0.125,
        "jitter": 0.0,
        "previous_ar": 0.50905841588974,
        "previous_ai": 0.4685368537902832,
        "previous_br": -0.2590583860874176,
        "previous_bi": 0.281463086605072,
        "surface_u": 0.001920292037539184,
        "surface_v": 0.1254676878452301
      }
    },
    {
      "epoch": 2,
      "status": 0,
      "failure_phase": 0,
      "failure_target_ordinal": 0,
      "failure_step": 0,
      "failure_detail": 0,
      "header_words": [
        2,
        0,
        0,
        0,
        0,
        0
      ],
      "state": [
        0.035097576677799225,
        0.24972456693649292,
        0.0,
        0.5035927295684814,
        0.26134470105171204,
        -0.25359272956848145,
        0.4886551797389984,
        0.1468876600265503,
        0.125,
        1.0,
        0.515921950340271,
        0.43356630206108093,
        -0.265921950340271,
        0.3164336085319519,
        0.033204611390829086,
        0.2502928376197815
      ],
      "state_bits": [
        1024443002,
        1048557516,
        0,
        1057024884,
        1048956665,
        3196180200,
        1056583939,
        1041656248,
        1040187392,
        1065353216,
        1057231734,
        1054735463,
        3196593900,
        1050805142,
        1023934863,
        1048585826
      ],
      "records": [
        {
          "ordinal": 0,
          "source_index": 1,
          "body_handle": 5,
          "field_handle": 3,
          "placement_handle": 0,
          "generation": 2,
          "values": [
            0.43757084012031555,
            0.5600823163986206,
            0.0,
            0.1817123144865036,
            1.0,
            0.0,
            0.0,
            0.4000000059604645,
            0.0017917135264724493,
            0.0010000000474974513,
            0.0020000000949949026,
            0.0,
            0.1416546255350113,
            4.0,
            0.0754995048046112,
            0.0,
            0.0,
            0.0,
            0.0,
            0.0
          ],
          "value_bits": [
            1054869833,
            1057972622,
            0,
            1043993291,
            1065353216,
            0,
            0,
            1053609165,
            988469230,
            981668463,
            990057071,
            0,
            1041305065,
            1082130432,
            1033543548,
            0,
            0,
            0,
            0,
            0
          ],
          "raw_words": [
            5,
            3,
            0,
            2,
            1054869833,
            1057972622,
            0,
            1043993291,
            1065353216,
            0,
            0,
            1053609165,
            988469230,
            981668463,
            990057071,
            0,
            1041305065,
            1082130432,
            1033543548,
            0,
            0,
            0,
            0,
            0
          ],
          "key": "hadamard",
          "named_values": {
            "anchor_u": 0.43757084012031555,
            "anchor_v": 0.5600823163986206,
            "anchor_orientation": 0.0,
            "radius": 0.1817123144865036,
            "phase_gain": 1.0,
            "shift_u": 0.0,
            "shift_v": 0.0,
            "placement_scale": 0.4000000059604645,
            "control": 0.0017917135264724493,
            "du": 0.0010000000474974513,
            "dv": 0.0020000000949949026,
            "feedback_gain": 0.0,
            "last_mutator_field": 0.1416546255350113,
            "previous_body_handle": 4.0,
            "last_pinion_field": 0.0754995048046112,
            "reserved_0": 0.0,
            "reserved_1": 0.0,
            "reserved_2": 0.0,
            "reserved_3": 0.0,
            "reserved_4": 0.0
          },
          "slot_functions": {
            "body": "hinge_conjugate",
            "field": "disk_expanded",
            "placement": "placement_canonical"
          }
        },
        {
          "ordinal": 1,
          "source_index": 5,
          "body_handle": 9,
          "field_handle": 2,
          "placement_handle": 0,
          "generation": 2,
          "values": [
            0.6442911028862,
            0.4098971486091614,
            0.0,
            0.18082569539546967,
            1.0,
            0.0,
            0.0,
            0.4000000059604645,
            0.0022507524117827415,
            0.0010000000474974513,
            0.0020000000949949026,
            0.0,
            0.29488641023635864,
            8.0,
            -0.1800527572631836,
            0.0,
            0.0,
            0.0,
            0.0,
            0.0
          ],
          "value_bits": [
            1059385411,
            1053941258,
            0,
            1043933791,
            1065353216,
            0,
            0,
            1053609165,
            991134044,
            981668463,
            990057071,
            0,
            1050082138,
            1090519040,
            3191365568,
            0,
            0,
            0,
            0,
            0
          ],
          "raw_words": [
            9,
            2,
            0,
            2,
            1059385411,
            1053941258,
            0,
            1043933791,
            1065353216,
            0,
            0,
            1053609165,
            991134044,
            981668463,
            990057071,
            0,
            1050082138,
            1090519040,
            3191365568,
            0,
            0,
            0,
            0,
            0
          ],
          "key": "pinion",
          "named_values": {
            "anchor_u": 0.6442911028862,
            "anchor_v": 0.4098971486091614,
            "anchor_orientation": 0.0,
            "radius": 0.18082569539546967,
            "phase_gain": 1.0,
            "shift_u": 0.0,
            "shift_v": 0.0,
            "placement_scale": 0.4000000059604645,
            "control": 0.0022507524117827415,
            "du": 0.0010000000474974513,
            "dv": 0.0020000000949949026,
            "feedback_gain": 0.0,
            "last_mutator_field": 0.29488641023635864,
            "previous_body_handle": 8.0,
            "last_pinion_field": -0.1800527572631836,
            "reserved_0": 0.0,
            "reserved_1": 0.0,
            "reserved_2": 0.0,
            "reserved_3": 0.0,
            "reserved_4": 0.0
          },
          "slot_functions": {
            "body": "pinion_reverse",
            "field": "disk",
            "placement": "placement_canonical"
          }
        },
        {
          "ordinal": 2,
          "source_index": 30,
          "body_handle": 7,
          "field_handle": 2,
          "placement_handle": 0,
          "generation": 2,
          "values": [
            0.1190681904554367,
            0.6020511984825134,
            0.0,
            0.18015897274017334,
            1.0,
            0.0,
            0.0,
            0.4000000059604645,
            0.0008275539148598909,
            0.0010000000474974513,
            0.0020000000949949026,
            0.0,
            -0.17971910536289215,
            7.0,
            0.2945527732372284,
            0.0,
            0.0,
            0.0,
            0.0,
            0.0
          ],
          "value_bits": [
            1039391238,
            1058676743,
            0,
            1043889048,
            1065353216,
            0,
            0,
            1053609165,
            978907188,
            981668463,
            990057071,
            0,
            3191343177,
            1088421888,
            1050070943,
            0,
            0,
            0,
            0,
            0
          ],
          "raw_words": [
            7,
            2,
            0,
            2,
            1039391238,
            1058676743,
            0,
            1043889048,
            1065353216,
            0,
            0,
            1053609165,
            978907188,
            981668463,
            990057071,
            0,
            3191343177,
            1088421888,
            1050070943,
            0,
            0,
            0,
            0,
            0
          ],
          "key": "mutation",
          "named_values": {
            "anchor_u": 0.1190681904554367,
            "anchor_v": 0.6020511984825134,
            "anchor_orientation": 0.0,
            "radius": 0.18015897274017334,
            "phase_gain": 1.0,
            "shift_u": 0.0,
            "shift_v": 0.0,
            "placement_scale": 0.4000000059604645,
            "control": 0.0008275539148598909,
            "du": 0.0010000000474974513,
            "dv": 0.0020000000949949026,
            "feedback_gain": 0.0,
            "last_mutator_field": -0.17971910536289215,
            "previous_body_handle": 7.0,
            "last_pinion_field": 0.2945527732372284,
            "reserved_0": 0.0,
            "reserved_1": 0.0,
            "reserved_2": 0.0,
            "reserved_3": 0.0,
            "reserved_4": 0.0
          },
          "slot_functions": {
            "body": "mutation_successor",
            "field": "disk",
            "placement": "placement_canonical"
          }
        }
      ],
      "named_state": {
        "u": 0.035097576677799225,
        "v": 0.24972456693649292,
        "orientation": 0.0,
        "ar": 0.5035927295684814,
        "ai": 0.26134470105171204,
        "br": -0.25359272956848145,
        "bi": 0.4886551797389984,
        "phase": 0.1468876600265503,
        "dt": 0.125,
        "jitter": 1.0,
        "previous_ar": 0.515921950340271,
        "previous_ai": 0.43356630206108093,
        "previous_br": -0.265921950340271,
        "previous_bi": 0.3164336085319519,
        "surface_u": 0.033204611390829086,
        "surface_v": 0.2502928376197815
      }
    },
    {
      "epoch": 2,
      "status": 0,
      "failure_phase": 0,
      "failure_target_ordinal": 0,
      "failure_step": 0,
      "failure_detail": 0,
      "header_words": [
        2,
        0,
        0,
        0,
        0,
        0
      ],
      "state": [
        0.06636495143175125,
        0.3745743930339813,
        0.0,
        0.50370854139328,
        0.26173117756843567,
        -0.25370851159095764,
        0.48826879262924194,
        0.16065025329589844,
        0.125,
        0.0,
        0.5192815065383911,
        0.4031437039375305,
        -0.2692815065383911,
        0.3468562662601471,
        0.06447140872478485,
        0.3751407265663147
      ],
      "state_bits": [
        1032317529,
        1052756023,
        0,
        1057026827,
        1048969633,
        3196184085,
        1056570974,
        1042579840,
        1040187392,
        0,
        1057288098,
        1053714650,
        3196706628,
        1051825957,
        1032063382,
        1052775026
      ],
      "records": [
        {
          "ordinal": 0,
          "source_index": 1,
          "body_handle": 5,
          "field_handle": 3,
          "placement_handle": 0,
          "generation": 2,
          "values": [
            0.4373331367969513,
            0.5597718954086304,
            0.0,
            0.18155525624752045,
            1.0,
            0.0,
            0.0,
            0.4000000059604645,
            0.0017308687092736363,
            0.0010000000474974513,
            0.0020000000949949026,
            0.0,
            0.14165490865707397,
            4.0,
            0.07549968361854553,
            0.0,
            0.0,
            0.0,
            0.0,
            0.0
          ],
          "value_bits": [
            1054861857,
            1057967414,
            0,
            1043982751,
            1065353216,
            0,
            0,
            1053609165,
            987946577,
            981668463,
            990057071,
            0,
            1041305084,
            1082130432,
            1033543572,
            0,
            0,
            0,
            0,
            0
          ],
          "raw_words": [
            5,
            3,
            0,
            2,
            1054861857,
            1057967414,
            0,
            1043982751,
            1065353216,
            0,
            0,
            1053609165,
            987946577,
            981668463,
            990057071,
            0,
            1041305084,
            1082130432,
            1033543572,
            0,
            0,
            0,
            0,
            0
          ],
          "key": "hadamard",
          "named_values": {
            "anchor_u": 0.4373331367969513,
            "anchor_v": 0.5597718954086304,
            "anchor_orientation": 0.0,
            "radius": 0.18155525624752045,
            "phase_gain": 1.0,
            "shift_u": 0.0,
            "shift_v": 0.0,
            "placement_scale": 0.4000000059604645,
            "control": 0.0017308687092736363,
            "du": 0.0010000000474974513,
            "dv": 0.0020000000949949026,
            "feedback_gain": 0.0,
            "last_mutator_field": 0.14165490865707397,
            "previous_body_handle": 4.0,
            "last_pinion_field": 0.07549968361854553,
            "reserved_0": 0.0,
            "reserved_1": 0.0,
            "reserved_2": 0.0,
            "reserved_3": 0.0,
            "reserved_4": 0.0
          },
          "slot_functions": {
            "body": "hinge_conjugate",
            "field": "disk_expanded",
            "placement": "placement_canonical"
          }
        },
        {
          "ordinal": 1,
          "source_index": 5,
          "body_handle": 9,
          "field_handle": 2,
          "placement_handle": 0,
          "generation": 2,
          "values": [
            0.6440533399581909,
            0.40958672761917114,
            0.0,
            0.1806686520576477,
            1.0,
            0.0,
            0.0,
            0.4000000059604645,
            0.002189899329096079,
            0.0010000000474974513,
            0.0020000000949949026,
            0.0,
            0.29488107562065125,
            8.0,
            -0.1800525188446045,
            0.0,
            0.0,
            0.0,
            0.0,
            0.0
          ],
          "value_bits": [
            1059381422,
            1053930842,
            0,
            1043923252,
            1065353216,
            0,
            0,
            1053609165,
            990872682,
            981668463,
            990057071,
            0,
            1050081959,
            1090519040,
            3191365552,
            0,
            0,
            0,
            0,
            0
          ],
          "raw_words": [
            9,
            2,
            0,
            2,
            1059381422,
            1053930842,
            0,
            1043923252,
            1065353216,
            0,
            0,
            1053609165,
            990872682,
            981668463,
            990057071,
            0,
            1050081959,
            1090519040,
            3191365552,
            0,
            0,
            0,
            0,
            0
          ],
          "key": "pinion",
          "named_values": {
            "anchor_u": 0.6440533399581909,
            "anchor_v": 0.40958672761917114,
            "anchor_orientation": 0.0,
            "radius": 0.1806686520576477,
            "phase_gain": 1.0,
            "shift_u": 0.0,
            "shift_v": 0.0,
            "placement_scale": 0.4000000059604645,
            "control": 0.002189899329096079,
            "du": 0.0010000000474974513,
            "dv": 0.0020000000949949026,
            "feedback_gain": 0.0,
            "last_mutator_field": 0.29488107562065125,
            "previous_body_handle": 8.0,
            "last_pinion_field": -0.1800525188446045,
            "reserved_0": 0.0,
            "reserved_1": 0.0,
            "reserved_2": 0.0,
            "reserved_3": 0.0,
            "reserved_4": 0.0
          },
          "slot_functions": {
            "body": "pinion_reverse",
            "field": "disk",
            "placement": "placement_canonical"
          }
        },
        {
          "ordinal": 2,
          "source_index": 30,
          "body_handle": 7,
          "field_handle": 2,
          "placement_handle": 0,
          "generation": 2,
          "values": [
            0.11883048713207245,
            0.6017407178878784,
            0.0,
            0.18000192940235138,
            1.0,
            0.0,
            0.0,
            0.4000000059604645,
            0.0007667091558687389,
            0.0010000000474974513,
            0.0020000000949949026,
            0.0,
            -0.17971885204315186,
            7.0,
            0.2945474088191986,
            0.0,
            0.0,
            0.0,
            0.0,
            0.0
          ],
          "value_bits": [
            1039359334,
            1058671534,
            0,
            1043878509,
            1065353216,
            0,
            0,
            1053609165,
            977861883,
            981668463,
            990057071,
            0,
            3191343160,
            1088421888,
            1050070763,
            0,
            0,
            0,
            0,
            0
          ],
          "raw_words": [
            7,
            2,
            0,
            2,
            1039359334,
            1058671534,
            0,
            1043878509,
            1065353216,
            0,
            0,
            1053609165,
            977861883,
            981668463,
            990057071,
            0,
            3191343160,
            1088421888,
            1050070763,
            0,
            0,
            0,
            0,
            0
          ],
          "key": "mutation",
          "named_values": {
            "anchor_u": 0.11883048713207245,
            "anchor_v": 0.6017407178878784,
            "anchor_orientation": 0.0,
            "radius": 0.18000192940235138,
            "phase_gain": 1.0,
            "shift_u": 0.0,
            "shift_v": 0.0,
            "placement_scale": 0.4000000059604645,
            "control": 0.0007667091558687389,
            "du": 0.0010000000474974513,
            "dv": 0.0020000000949949026,
            "feedback_gain": 0.0,
            "last_mutator_field": -0.17971885204315186,
            "previous_body_handle": 7.0,
            "last_pinion_field": 0.2945474088191986,
            "reserved_0": 0.0,
            "reserved_1": 0.0,
            "reserved_2": 0.0,
            "reserved_3": 0.0,
            "reserved_4": 0.0
          },
          "slot_functions": {
            "body": "mutation_successor",
            "field": "disk",
            "placement": "placement_canonical"
          }
        }
      ],
      "named_state": {
        "u": 0.06636495143175125,
        "v": 0.3745743930339813,
        "orientation": 0.0,
        "ar": 0.50370854139328,
        "ai": 0.26173117756843567,
        "br": -0.25370851159095764,
        "bi": 0.48826879262924194,
        "phase": 0.16065025329589844,
        "dt": 0.125,
        "jitter": 0.0,
        "previous_ar": 0.5192815065383911,
        "previous_ai": 0.4031437039375305,
        "previous_br": -0.2692815065383911,
        "previous_bi": 0.3468562662601471,
        "surface_u": 0.06447140872478485,
        "surface_v": 0.3751407265663147
      }
    },
    {
      "epoch": 2,
      "status": 0,
      "failure_phase": 0,
      "failure_target_ordinal": 0,
      "failure_step": 0,
      "failure_detail": 0,
      "header_words": [
        2,
        0,
        0,
        0,
        0,
        0
      ],
      "state": [
        0.09761994332075119,
        0.49946990609169006,
        0.0,
        0.5037662982940674,
        0.2619245648384094,
        -0.2537662982940674,
        0.4880753755569458,
        0.17489676177501678,
        0.125,
        1.0,
        0.5202215909957886,
        0.3820631206035614,
        -0.2702215611934662,
        0.3679368495941162,
        0.09572611004114151,
        0.500035285949707
      ],
      "state_bits": [
        1036512503,
        1056946821,
        0,
        1057027796,
        1048976122,
        3196186024,
        1056564484,
        1043535907,
        1040187392,
        1065353216,
        1057303870,
        1053007303,
        3196738171,
        1052533304,
        1036258317,
        1056965200
      ],
      "records": [
        {
          "ordinal": 0,
          "source_index": 1,
          "body_handle": 5,
          "field_handle": 3,
          "placement_handle": 0,
          "generation": 2,
          "values": [
            0.4375894069671631,
            0.5599848031997681,
            0.0,
            0.18139973282814026,
            1.0,
            0.0,
            0.0,
            0.4000000059604645,
            0.0016887071542441845,
            0.0010000000474974513,
            0.0020000000949949026,
            0.0,
            0.1416546255350113,
            4.0,
            0.0754995048046112,
            0.0,
            0.0,
            0.0,
            0.0,
            0.0
          ],
          "value_bits": [
            1054870456,
            1057970986,
            0,
            1043972314,
            1065353216,
            0,
            0,
            1053609165,
            987584412,
            981668463,
            990057071,
            0,
            1041305065,
            1082130432,
            1033543548,
            0,
            0,
            0,
            0,
            0
          ],
          "raw_words": [
            5,
            3,
            0,
            2,
            1054870456,
            1057970986,
            0,
            1043972314,
            1065353216,
            0,
            0,
            1053609165,
            987584412,
            981668463,
            990057071,
            0,
            1041305065,
            1082130432,
            1033543548,
            0,
            0,
            0,
            0,
            0
          ],
          "key": "hadamard",
          "named_values": {
            "anchor_u": 0.4375894069671631,
            "anchor_v": 0.5599848031997681,
            "anchor_orientation": 0.0,
            "radius": 0.18139973282814026,
            "phase_gain": 1.0,
            "shift_u": 0.0,
            "shift_v": 0.0,
            "placement_scale": 0.4000000059604645,
            "control": 0.0016887071542441845,
            "du": 0.0010000000474974513,
            "dv": 0.0020000000949949026,
            "feedback_gain": 0.0,
            "last_mutator_field": 0.1416546255350113,
            "previous_body_handle": 4.0,
            "last_pinion_field": 0.0754995048046112,
            "reserved_0": 0.0,
            "reserved_1": 0.0,
            "reserved_2": 0.0,
            "reserved_3": 0.0,
            "reserved_4": 0.0
          },
          "slot_functions": {
            "body": "hinge_conjugate",
            "field": "disk_expanded",
            "placement": "placement_canonical"
          }
        },
        {
          "ordinal": 1,
          "source_index": 5,
          "body_handle": 9,
          "field_handle": 2,
          "placement_handle": 0,
          "generation": 2,
          "values": [
            0.6443096399307251,
            0.40979963541030884,
            0.0,
            0.18051311373710632,
            1.0,
            0.0,
            0.0,
            0.4000000059604645,
            0.0021477462723851204,
            0.0010000000474974513,
            0.0020000000949949026,
            0.0,
            0.29488641023635864,
            8.0,
            -0.1800527572631836,
            0.0,
            0.0,
            0.0,
            0.0,
            0.0
          ],
          "value_bits": [
            1059385722,
            1053937986,
            0,
            1043912814,
            1065353216,
            0,
            0,
            1053609165,
            990691636,
            981668463,
            990057071,
            0,
            1050082138,
            1090519040,
            3191365568,
            0,
            0,
            0,
            0,
            0
          ],
          "raw_words": [
            9,
            2,
            0,
            2,
            1059385722,
            1053937986,
            0,
            1043912814,
            1065353216,
            0,
            0,
            1053609165,
            990691636,
            981668463,
            990057071,
            0,
            1050082138,
            1090519040,
            3191365568,
            0,
            0,
            0,
            0,
            0
          ],
          "key": "pinion",
          "named_values": {
            "anchor_u": 0.6443096399307251,
            "anchor_v": 0.40979963541030884,
            "anchor_orientation": 0.0,
            "radius": 0.18051311373710632,
            "phase_gain": 1.0,
            "shift_u": 0.0,
            "shift_v": 0.0,
            "placement_scale": 0.4000000059604645,
            "control": 0.0021477462723851204,
            "du": 0.0010000000474974513,
            "dv": 0.0020000000949949026,
            "feedback_gain": 0.0,
            "last_mutator_field": 0.29488641023635864,
            "previous_body_handle": 8.0,
            "last_pinion_field": -0.1800527572631836,
            "reserved_0": 0.0,
            "reserved_1": 0.0,
            "reserved_2": 0.0,
            "reserved_3": 0.0,
            "reserved_4": 0.0
          },
          "slot_functions": {
            "body": "pinion_reverse",
            "field": "disk",
            "placement": "placement_canonical"
          }
        },
        {
          "ordinal": 2,
          "source_index": 30,
          "body_handle": 7,
          "field_handle": 2,
          "placement_handle": 0,
          "generation": 2,
          "values": [
            0.11908674985170364,
            0.6019536852836609,
            0.0,
            0.17984639108181,
            1.0,
            0.0,
            0.0,
            0.4000000059604645,
            0.0007245475426316261,
            0.0010000000474974513,
            0.0020000000949949026,
            0.0,
            -0.17971910536289215,
            7.0,
            0.2945527732372284,
            0.0,
            0.0,
            0.0,
            0.0,
            0.0
          ],
          "value_bits": [
            1039393729,
            1058675107,
            0,
            1043868071,
            1065353216,
            0,
            0,
            1053609165,
            977137552,
            981668463,
            990057071,
            0,
            3191343177,
            1088421888,
            1050070943,
            0,
            0,
            0,
            0,
            0
          ],
          "raw_words": [
            7,
            2,
            0,
            2,
            1039393729,
            1058675107,
            0,
            1043868071,
            1065353216,
            0,
            0,
            1053609165,
            977137552,
            981668463,
            990057071,
            0,
            3191343177,
            1088421888,
            1050070943,
            0,
            0,
            0,
            0,
            0
          ],
          "key": "mutation",
          "named_values": {
            "anchor_u": 0.11908674985170364,
            "anchor_v": 0.6019536852836609,
            "anchor_orientation": 0.0,
            "radius": 0.17984639108181,
            "phase_gain": 1.0,
            "shift_u": 0.0,
            "shift_v": 0.0,
            "placement_scale": 0.4000000059604645,
            "control": 0.0007245475426316261,
            "du": 0.0010000000474974513,
            "dv": 0.0020000000949949026,
            "feedback_gain": 0.0,
            "last_mutator_field": -0.17971910536289215,
            "previous_body_handle": 7.0,
            "last_pinion_field": 0.2945527732372284,
            "reserved_0": 0.0,
            "reserved_1": 0.0,
            "reserved_2": 0.0,
            "reserved_3": 0.0,
            "reserved_4": 0.0
          },
          "slot_functions": {
            "body": "mutation_successor",
            "field": "disk",
            "placement": "placement_canonical"
          }
        }
      ],
      "named_state": {
        "u": 0.09761994332075119,
        "v": 0.49946990609169006,
        "orientation": 0.0,
        "ar": 0.5037662982940674,
        "ai": 0.2619245648384094,
        "br": -0.2537662982940674,
        "bi": 0.4880753755569458,
        "phase": 0.17489676177501678,
        "dt": 0.125,
        "jitter": 1.0,
        "previous_ar": 0.5202215909957886,
        "previous_ai": 0.3820631206035614,
        "previous_br": -0.2702215611934662,
        "previous_bi": 0.3679368495941162,
        "surface_u": 0.09572611004114151,
        "surface_v": 0.500035285949707
      }
    },
    {
      "epoch": 2,
      "status": 0,
      "failure_phase": 0,
      "failure_target_ordinal": 0,
      "failure_step": 0,
      "failure_detail": 0,
      "header_words": [
        2,
        0,
        0,
        0,
        0,
        0
      ],
      "state": [
        0.12882156670093536,
        0.12486296892166138,
        0.0,
        0.5035707950592041,
        0.26127171516418457,
        -0.2535707652568817,
        0.48872822523117065,
        0.19425354897975922,
        0.125,
        0.0,
        0.5107439160346985,
        0.4613226652145386,
        -0.2607439160346985,
        0.28867727518081665,
        0.12692871689796448,
        0.1254316121339798
      ],
      "state_bits": [
        1040443853,
        1040169000,
        0,
        1057024516,
        1048954216,
        3196179463,
        1056586390,
        1044834919,
        1040187392,
        0,
        1057144861,
        1055666812,
        3196420154,
        1049873794,
        1040316826,
        1040216357
      ],
      "records": [
        {
          "ordinal": 0,
          "source_index": 1,
          "body_handle": 5,
          "field_handle": 3,
          "placement_handle": 0,
          "generation": 2,
          "values": [
            0.4373196065425873,
            0.55988609790802,
            0.0,
            0.181742861866951,
            1.0,
            0.0,
            0.0,
            0.4000000059604645,
            0.0018472266383469105,
            0.0010000000474974513,
            0.0020000000949949026,
            0.0,
            0.14165490865707397,
            4.0,
            0.07549968361854553,
            0.0,
            0.0,
            0.0,
            0.0,
            0.0
          ],
          "value_bits": [
            1054861403,
            1057969330,
            0,
            1043995341,
            1065353216,
            0,
            0,
            1053609165,
            988946084,
            981668463,
            990057071,
            0,
            1041305084,
            1082130432,
            1033543572,
            0,
            0,
            0,
            0,
            0
          ],
          "raw_words": [
            5,
            3,
            0,
            2,
            1054861403,
            1057969330,
            0,
            1043995341,
            1065353216,
            0,
            0,
            1053609165,
            988946084,
            981668463,
            990057071,
            0,
            1041305084,
            1082130432,
            1033543572,
            0,
            0,
            0,
            0,
            0
          ],
          "key": "hadamard",
          "named_values": {
            "anchor_u": 0.4373196065425873,
            "anchor_v": 0.55988609790802,
            "anchor_orientation": 0.0,
            "radius": 0.181742861866951,
            "phase_gain": 1.0,
            "shift_u": 0.0,
            "shift_v": 0.0,
            "placement_scale": 0.4000000059604645,
            "control": 0.0018472266383469105,
            "du": 0.0010000000474974513,
            "dv": 0.0020000000949949026,
            "feedback_gain": 0.0,
            "last_mutator_field": 0.14165490865707397,
            "previous_body_handle": 4.0,
            "last_pinion_field": 0.07549968361854553,
            "reserved_0": 0.0,
            "reserved_1": 0.0,
            "reserved_2": 0.0,
            "reserved_3": 0.0,
            "reserved_4": 0.0
          },
          "slot_functions": {
            "body": "hinge_conjugate",
            "field": "disk_expanded",
            "placement": "placement_canonical"
          }
        },
        {
          "ordinal": 1,
          "source_index": 5,
          "body_handle": 9,
          "field_handle": 2,
          "placement_handle": 0,
          "generation": 2,
          "values": [
            0.6440398097038269,
            0.4097009301185608,
            0.0,
            0.18085625767707825,
            1.0,
            0.0,
            0.0,
            0.4000000059604645,
            0.002306257374584675,
            0.0010000000474974513,
            0.0020000000949949026,
            0.0,
            0.29488107562065125,
            8.0,
            -0.1800525188446045,
            0.0,
            0.0,
            0.0,
            0.0,
            0.0
          ],
          "value_bits": [
            1059381195,
            1053934674,
            0,
            1043935842,
            1065353216,
            0,
            0,
            1053609165,
            991372436,
            981668463,
            990057071,
            0,
            1050081959,
            1090519040,
            3191365552,
            0,
            0,
            0,
            0,
            0
          ],
          "raw_words": [
            9,
            2,
            0,
            2,
            1059381195,
            1053934674,
            0,
            1043935842,
            1065353216,
            0,
            0,
            1053609165,
            991372436,
            981668463,
            990057071,
            0,
            1050081959,
            1090519040,
            3191365552,
            0,
            0,
            0,
            0,
            0
          ],
          "key": "pinion",
          "named_values": {
            "anchor_u": 0.6440398097038269,
            "anchor_v": 0.4097009301185608,
            "anchor_orientation": 0.0,
            "radius": 0.18085625767707825,
            "phase_gain": 1.0,
            "shift_u": 0.0,
            "shift_v": 0.0,
            "placement_scale": 0.4000000059604645,
            "control": 0.002306257374584675,
            "du": 0.0010000000474974513,
            "dv": 0.0020000000949949026,
            "feedback_gain": 0.0,
            "last_mutator_field": 0.29488107562065125,
            "previous_body_handle": 8.0,
            "last_pinion_field": -0.1800525188446045,
            "reserved_0": 0.0,
            "reserved_1": 0.0,
            "reserved_2": 0.0,
            "reserved_3": 0.0,
            "reserved_4": 0.0
          },
          "slot_functions": {
            "body": "pinion_reverse",
            "field": "disk",
            "placement": "placement_canonical"
          }
        },
        {
          "ordinal": 2,
          "source_index": 30,
          "body_handle": 7,
          "field_handle": 2,
          "placement_handle": 0,
          "generation": 2,
          "values": [
            0.11881694942712784,
            0.6018549203872681,
            0.0,
            0.18018952012062073,
            1.0,
            0.0,
            0.0,
            0.4000000059604645,
            0.000883067084942013,
            0.0010000000474974513,
            0.0020000000949949026,
            0.0,
            -0.17971885204315186,
            7.0,
            0.2945474088191986,
            0.0,
            0.0,
            0.0,
            0.0,
            0.0
          ],
          "value_bits": [
            1039357517,
            1058673450,
            0,
            1043891098,
            1065353216,
            0,
            0,
            1053609165,
            979860897,
            981668463,
            990057071,
            0,
            3191343160,
            1088421888,
            1050070763,
            0,
            0,
            0,
            0,
            0
          ],
          "raw_words": [
            7,
            2,
            0,
            2,
            1039357517,
            1058673450,
            0,
            1043891098,
            1065353216,
            0,
            0,
            1053609165,
            979860897,
            981668463,
            990057071,
            0,
            3191343160,
            1088421888,
            1050070763,
            0,
            0,
            0,
            0,
            0
          ],
          "key": "mutation",
          "named_values": {
            "anchor_u": 0.11881694942712784,
            "anchor_v": 0.6018549203872681,
            "anchor_orientation": 0.0,
            "radius": 0.18018952012062073,
            "phase_gain": 1.0,
            "shift_u": 0.0,
            "shift_v": 0.0,
            "placement_scale": 0.4000000059604645,
            "control": 0.000883067084942013,
            "du": 0.0010000000474974513,
            "dv": 0.0020000000949949026,
            "feedback_gain": 0.0,
            "last_mutator_field": -0.17971885204315186,
            "previous_body_handle": 7.0,
            "last_pinion_field": 0.2945474088191986,
            "reserved_0": 0.0,
            "reserved_1": 0.0,
            "reserved_2": 0.0,
            "reserved_3": 0.0,
            "reserved_4": 0.0
          },
          "slot_functions": {
            "body": "mutation_successor",
            "field": "disk",
            "placement": "placement_canonical"
          }
        }
      ],
      "named_state": {
        "u": 0.12882156670093536,
        "v": 0.12486296892166138,
        "orientation": 0.0,
        "ar": 0.5035707950592041,
        "ai": 0.26127171516418457,
        "br": -0.2535707652568817,
        "bi": 0.48872822523117065,
        "phase": 0.19425354897975922,
        "dt": 0.125,
        "jitter": 0.0,
        "previous_ar": 0.5107439160346985,
        "previous_ai": 0.4613226652145386,
        "previous_br": -0.2607439160346985,
        "previous_bi": 0.28867727518081665,
        "surface_u": 0.12692871689796448,
        "surface_v": 0.1254316121339798
      }
    },
    {
      "epoch": 2,
      "status": 0,
      "failure_phase": 0,
      "failure_target_ordinal": 0,
      "failure_step": 0,
      "failure_detail": 0,
      "header_words": [
        2,
        0,
        0,
        0,
        0,
        0
      ],
      "state": [
        0.16010580956935883,
        0.24966728687286377,
        0.0,
        0.5036658644676208,
        0.2615888714790344,
        -0.25366586446762085,
        0.4884110689163208,
        0.20754313468933105,
        0.125,
        1.0,
        0.5174964666366577,
        0.42186641693115234,
        -0.2674964666366577,
        0.3281335234642029,
        0.15821248292922974,
        0.25023433566093445
      ],
      "state_bits": [
        1042543303,
        1048553672,
        0,
        1057026111,
        1048964858,
        3196182654,
        1056575748,
        1045726768,
        1040187392,
        1065353216,
        1057258150,
        1054342880,
        3196646732,
        1051197726,
        1042416244,
        1048583863
      ],
      "records": [
        {
          "ordinal": 0,
          "source_index": 1,
          "body_handle": 5,
          "field_handle": 3,
          "placement_handle": 0,
          "generation": 2,
          "values": [
            0.4375903904438019,
            0.5600531101226807,
            0.0,
            0.1815873086452484,
            1.0,
            0.0,
            0.0,
            0.4000000059604645,
            0.00176831369753927,
            0.0010000000474974513,
            0.0020000000949949026,
            0.0,
            0.1416546255350113,
            4.0,
            0.0754995048046112,
            0.0,
            0.0,
            0.0,
            0.0,
            0.0
          ],
          "value_bits": [
            1054870489,
            1057972132,
            0,
            1043984902,
            1065353216,
            0,
            0,
            1053609165,
            988268227,
            981668463,
            990057071,
            0,
            1041305065,
            1082130432,
            1033543548,
            0,
            0,
            0,
            0,
            0
          ],
          "raw_words": [
            5,
            3,
            0,
            2,
            1054870489,
            1057972132,
            0,
            1043984902,
            1065353216,
            0,
            0,
            1053609165,
            988268227,
            981668463,
            990057071,
            0,
            1041305065,
            1082130432,
            1033543548,
            0,
            0,
            0,
            0,
            0
          ],
          "key": "hadamard",
          "named_values": {
            "anchor_u": 0.4375903904438019,
            "anchor_v": 0.5600531101226807,
            "anchor_orientation": 0.0,
            "radius": 0.1815873086452484,
            "phase_gain": 1.0,
            "shift_u": 0.0,
            "shift_v": 0.0,
            "placement_scale": 0.4000000059604645,
            "control": 0.00176831369753927,
            "du": 0.0010000000474974513,
            "dv": 0.0020000000949949026,
            "feedback_gain": 0.0,
            "last_mutator_field": 0.1416546255350113,
            "previous_body_handle": 4.0,
            "last_pinion_field": 0.0754995048046112,
            "reserved_0": 0.0,
            "reserved_1": 0.0,
            "reserved_2": 0.0,
            "reserved_3": 0.0,
            "reserved_4": 0.0
          },
          "slot_functions": {
            "body": "hinge_conjugate",
            "field": "disk_expanded",
            "placement": "placement_canonical"
          }
        },
        {
          "ordinal": 1,
          "source_index": 5,
          "body_handle": 9,
          "field_handle": 2,
          "placement_handle": 0,
          "generation": 2,
          "values": [
            0.6443106532096863,
            0.40986791253089905,
            0.0,
            0.18070068955421448,
            1.0,
            0.0,
            0.0,
            0.4000000059604645,
            0.0022273529320955276,
            0.0010000000474974513,
            0.0020000000949949026,
            0.0,
            0.29488641023635864,
            8.0,
            -0.1800527572631836,
            0.0,
            0.0,
            0.0,
            0.0,
            0.0
          ],
          "value_bits": [
            1059385739,
            1053940277,
            0,
            1043925402,
            1065353216,
            0,
            0,
            1053609165,
            991033544,
            981668463,
            990057071,
            0,
            1050082138,
            1090519040,
            3191365568,
            0,
            0,
            0,
            0,
            0
          ],
          "raw_words": [
            9,
            2,
            0,
            2,
            1059385739,
            1053940277,
            0,
            1043925402,
            1065353216,
            0,
            0,
            1053609165,
            991033544,
            981668463,
            990057071,
            0,
            1050082138,
            1090519040,
            3191365568,
            0,
            0,
            0,
            0,
            0
          ],
          "key": "pinion",
          "named_values": {
            "anchor_u": 0.6443106532096863,
            "anchor_v": 0.40986791253089905,
            "anchor_orientation": 0.0,
            "radius": 0.18070068955421448,
            "phase_gain": 1.0,
            "shift_u": 0.0,
            "shift_v": 0.0,
            "placement_scale": 0.4000000059604645,
            "control": 0.0022273529320955276,
            "du": 0.0010000000474974513,
            "dv": 0.0020000000949949026,
            "feedback_gain": 0.0,
            "last_mutator_field": 0.29488641023635864,
            "previous_body_handle": 8.0,
            "last_pinion_field": -0.1800527572631836,
            "reserved_0": 0.0,
            "reserved_1": 0.0,
            "reserved_2": 0.0,
            "reserved_3": 0.0,
            "reserved_4": 0.0
          },
          "slot_functions": {
            "body": "pinion_reverse",
            "field": "disk",
            "placement": "placement_canonical"
          }
        },
        {
          "ordinal": 2,
          "source_index": 30,
          "body_handle": 7,
          "field_handle": 2,
          "placement_handle": 0,
          "generation": 2,
          "values": [
            0.11908774822950363,
            0.6020219326019287,
            0.0,
            0.18003396689891815,
            1.0,
            0.0,
            0.0,
            0.4000000059604645,
            0.0008041542023420334,
            0.0010000000474974513,
            0.0020000000949949026,
            0.0,
            -0.17971910536289215,
            7.0,
            0.2945527732372284,
            0.0,
            0.0,
            0.0,
            0.0,
            0.0
          ],
          "value_bits": [
            1039393863,
            1058676252,
            0,
            1043880659,
            1065353216,
            0,
            0,
            1053609165,
            978505184,
            981668463,
            990057071,
            0,
            3191343177,
            1088421888,
            1050070943,
            0,
            0,
            0,
            0,
            0
          ],
          "raw_words": [
            7,
            2,
            0,
            2,
            1039393863,
            1058676252,
            0,
            1043880659,
            1065353216,
            0,
            0,
            1053609165,
            978505184,
            981668463,
            990057071,
            0,
            3191343177,
            1088421888,
            1050070943,
            0,
            0,
            0,
            0,
            0
          ],
          "key": "mutation",
          "named_values": {
            "anchor_u": 0.11908774822950363,
            "anchor_v": 0.6020219326019287,
            "anchor_orientation": 0.0,
            "radius": 0.18003396689891815,
            "phase_gain": 1.0,
            "shift_u": 0.0,
            "shift_v": 0.0,
            "placement_scale": 0.4000000059604645,
            "control": 0.0008041542023420334,
            "du": 0.0010000000474974513,
            "dv": 0.0020000000949949026,
            "feedback_gain": 0.0,
            "last_mutator_field": -0.17971910536289215,
            "previous_body_handle": 7.0,
            "last_pinion_field": 0.2945527732372284,
            "reserved_0": 0.0,
            "reserved_1": 0.0,
            "reserved_2": 0.0,
            "reserved_3": 0.0,
            "reserved_4": 0.0
          },
          "slot_functions": {
            "body": "mutation_successor",
            "field": "disk",
            "placement": "placement_canonical"
          }
        }
      ],
      "named_state": {
        "u": 0.16010580956935883,
        "v": 0.24966728687286377,
        "orientation": 0.0,
        "ar": 0.5036658644676208,
        "ai": 0.2615888714790344,
        "br": -0.25366586446762085,
        "bi": 0.4884110689163208,
        "phase": 0.20754313468933105,
        "dt": 0.125,
        "jitter": 1.0,
        "previous_ar": 0.5174964666366577,
        "previous_ai": 0.42186641693115234,
        "previous_br": -0.2674964666366577,
        "previous_bi": 0.3281335234642029,
        "surface_u": 0.15821248292922974,
        "surface_v": 0.25023433566093445
      }
    },
    {
      "epoch": 2,
      "status": 0,
      "failure_phase": 0,
      "failure_target_ordinal": 0,
      "failure_step": 0,
      "failure_detail": 0,
      "header_words": [
        2,
        0,
        0,
        0,
        0,
        0
      ],
      "state": [
        0.19136971235275269,
        0.37448781728744507,
        0.0,
        0.5037984251976013,
        0.2620323598384857,
        -0.2537984251976013,
        0.4879676103591919,
        0.2210107147693634,
        0.125,
        0.0,
        0.5201443433761597,
        0.38553085923194885,
        -0.27014434337615967,
        0.36446908116340637,
        0.18947571516036987,
        0.37505266070365906
      ],
      "state_bits": [
        1044641388,
        1052753118,
        0,
        1057028335,
        1048979739,
        3196187102,
        1056560868,
        1046630562,
        1040187392,
        0,
        1057302574,
        1053123661,
        3196735580,
        1052416945,
        1044514284,
        1052772071
      ],
      "records": [
        {
          "ordinal": 0,
          "source_index": 1,
          "body_handle": 5,
          "field_handle": 3,
          "placement_handle": 0,
          "generation": 2,
          "values": [
            0.43735092878341675,
            0.5597279071807861,
            0.0,
            0.18143023550510406,
            1.0,
            0.0,
            0.0,
            0.4000000059604645,
            0.0016956430627033114,
            0.0010000000474974513,
            0.0020000000949949026,
            0.0,
            0.14165490865707397,
            4.0,
            0.07549968361854553,
            0.0,
            0.0,
            0.0,
            0.0,
            0.0
          ],
          "value_bits": [
            1054862454,
            1057966676,
            0,
            1043974361,
            1065353216,
            0,
            0,
            1053609165,
            987643991,
            981668463,
            990057071,
            0,
            1041305084,
            1082130432,
            1033543572,
            0,
            0,
            0,
            0,
            0
          ],
          "raw_words": [
            5,
            3,
            0,
            2,
            1054862454,
            1057966676,
            0,
            1043974361,
            1065353216,
            0,
            0,
            1053609165,
            987643991,
            981668463,
            990057071,
            0,
            1041305084,
            1082130432,
            1033543572,
            0,
            0,
            0,
            0,
            0
          ],
          "key": "hadamard",
          "named_values": {
            "anchor_u": 0.43735092878341675,
            "anchor_v": 0.5597279071807861,
            "anchor_orientation": 0.0,
            "radius": 0.18143023550510406,
            "phase_gain": 1.0,
            "shift_u": 0.0,
            "shift_v": 0.0,
            "placement_scale": 0.4000000059604645,
            "control": 0.0016956430627033114,
            "du": 0.0010000000474974513,
            "dv": 0.0020000000949949026,
            "feedback_gain": 0.0,
            "last_mutator_field": 0.14165490865707397,
            "previous_body_handle": 4.0,
            "last_pinion_field": 0.07549968361854553,
            "reserved_0": 0.0,
            "reserved_1": 0.0,
            "reserved_2": 0.0,
            "reserved_3": 0.0,
            "reserved_4": 0.0
          },
          "slot_functions": {
            "body": "hinge_conjugate",
            "field": "disk_expanded",
            "placement": "placement_canonical"
          }
        },
        {
          "ordinal": 1,
          "source_index": 5,
          "body_handle": 9,
          "field_handle": 2,
          "placement_handle": 0,
          "generation": 2,
          "values": [
            0.644071102142334,
            0.4095427095890045,
            0.0,
            0.18054363131523132,
            1.0,
            0.0,
            0.0,
            0.4000000059604645,
            0.002154673682525754,
            0.0010000000474974513,
            0.0020000000949949026,
            0.0,
            0.29488107562065125,
            8.0,
            -0.1800525188446045,
            0.0,
            0.0,
            0.0,
            0.0,
            0.0
          ],
          "value_bits": [
            1059381720,
            1053929365,
            0,
            1043914862,
            1065353216,
            0,
            0,
            1053609165,
            990721389,
            981668463,
            990057071,
            0,
            1050081959,
            1090519040,
            3191365552,
            0,
            0,
            0,
            0,
            0
          ],
          "raw_words": [
            9,
            2,
            0,
            2,
            1059381720,
            1053929365,
            0,
            1043914862,
            1065353216,
            0,
            0,
            1053609165,
            990721389,
            981668463,
            990057071,
            0,
            1050081959,
            1090519040,
            3191365552,
            0,
            0,
            0,
            0,
            0
          ],
          "key": "pinion",
          "named_values": {
            "anchor_u": 0.644071102142334,
            "anchor_v": 0.4095427095890045,
            "anchor_orientation": 0.0,
            "radius": 0.18054363131523132,
            "phase_gain": 1.0,
            "shift_u": 0.0,
            "shift_v": 0.0,
            "placement_scale": 0.4000000059604645,
            "control": 0.002154673682525754,
            "du": 0.0010000000474974513,
            "dv": 0.0020000000949949026,
            "feedback_gain": 0.0,
            "last_mutator_field": 0.29488107562065125,
            "previous_body_handle": 8.0,
            "last_pinion_field": -0.1800525188446045,
            "reserved_0": 0.0,
            "reserved_1": 0.0,
            "reserved_2": 0.0,
            "reserved_3": 0.0,
            "reserved_4": 0.0
          },
          "slot_functions": {
            "body": "pinion_reverse",
            "field": "disk",
            "placement": "placement_canonical"
          }
        },
        {
          "ordinal": 2,
          "source_index": 30,
          "body_handle": 7,
          "field_handle": 2,
          "placement_handle": 0,
          "generation": 2,
          "values": [
            0.11884826421737671,
            0.6016966700553894,
            0.0,
            0.1798768937587738,
            1.0,
            0.0,
            0.0,
            0.4000000059604645,
            0.0007314834510907531,
            0.0010000000474974513,
            0.0020000000949949026,
            0.0,
            -0.17971885204315186,
            7.0,
            0.2945474088191986,
            0.0,
            0.0,
            0.0,
            0.0,
            0.0
          ],
          "value_bits": [
            1039361720,
            1058670795,
            0,
            1043870118,
            1065353216,
            0,
            0,
            1053609165,
            977256710,
            981668463,
            990057071,
            0,
            3191343160,
            1088421888,
            1050070763,
            0,
            0,
            0,
            0,
            0
          ],
          "raw_words": [
            7,
            2,
            0,
            2,
            1039361720,
            1058670795,
            0,
            1043870118,
            1065353216,
            0,
            0,
            1053609165,
            977256710,
            981668463,
            990057071,
            0,
            3191343160,
            1088421888,
            1050070763,
            0,
            0,
            0,
            0,
            0
          ],
          "key": "mutation",
          "named_values": {
            "anchor_u": 0.11884826421737671,
            "anchor_v": 0.6016966700553894,
            "anchor_orientation": 0.0,
            "radius": 0.1798768937587738,
            "phase_gain": 1.0,
            "shift_u": 0.0,
            "shift_v": 0.0,
            "placement_scale": 0.4000000059604645,
            "control": 0.0007314834510907531,
            "du": 0.0010000000474974513,
            "dv": 0.0020000000949949026,
            "feedback_gain": 0.0,
            "last_mutator_field": -0.17971885204315186,
            "previous_body_handle": 7.0,
            "last_pinion_field": 0.2945474088191986,
            "reserved_0": 0.0,
            "reserved_1": 0.0,
            "reserved_2": 0.0,
            "reserved_3": 0.0,
            "reserved_4": 0.0
          },
          "slot_functions": {
            "body": "mutation_successor",
            "field": "disk",
            "placement": "placement_canonical"
          }
        }
      ],
      "named_state": {
        "u": 0.19136971235275269,
        "v": 0.37448781728744507,
        "orientation": 0.0,
        "ar": 0.5037984251976013,
        "ai": 0.2620323598384857,
        "br": -0.2537984251976013,
        "bi": 0.4879676103591919,
        "phase": 0.2210107147693634,
        "dt": 0.125,
        "jitter": 0.0,
        "previous_ar": 0.5201443433761597,
        "previous_ai": 0.38553085923194885,
        "previous_br": -0.27014434337615967,
        "previous_bi": 0.36446908116340637,
        "surface_u": 0.18947571516036987,
        "surface_v": 0.37505266070365906
      }
    },
    {
      "epoch": 2,
      "status": 0,
      "failure_phase": 0,
      "failure_target_ordinal": 0,
      "failure_step": 0,
      "failure_detail": 0,
      "header_words": [
        2,
        0,
        0,
        0,
        0,
        0
      ],
      "state": [
        0.22261910140514374,
        0.4993540048599243,
        0.0,
        0.503880500793457,
        0.2623078525066376,
        -0.25388050079345703,
        0.48769208788871765,
        0.23495613038539886,
        0.125,
        1.0,
        0.5199399590492249,
        0.3584950566291809,
        -0.26993992924690247,
        0.3915048837661743,
        0.2207247018814087,
        0.49991747736930847
      ],
      "state_bits": [
        1046738499,
        1056942932,
        0,
        1057029712,
        1048988983,
        3196189856,
        1056551623,
        1047566423,
        1040187392,
        1065353216,
        1057299145,
        1052216490,
        3196728721,
        1053324116,
        1046611368,
        1056961839
      ],
      "records": [
        {
          "ordinal": 0,
          "source_index": 1,
          "body_handle": 5,
          "field_handle": 3,
          "placement_handle": 0,
          "generation": 2,
          "values": [
            0.43760430812835693,
            0.55992591381073,
            0.0,
            0.1812746822834015,
            1.0,
            0.0,
            0.0,
            0.4000000059604645,
            0.001641571056097746,
            0.0010000000474974513,
            0.0020000000949949026,
            0.0,
            0.1416546255350113,
            4.0,
            0.0754995048046112,
            0.0,
            0.0,
            0.0,
            0.0,
            0.0
          ],
          "value_bits": [
            1054870956,
            1057969998,
            0,
            1043963922,
            1065353216,
            0,
            0,
            1053609165,
            987179516,
            981668463,
            990057071,
            0,
            1041305065,
            1082130432,
            1033543548,
            0,
            0,
            0,
            0,
            0
          ],
          "raw_words": [
            5,
            3,
            0,
            2,
            1054870956,
            1057969998,
            0,
            1043963922,
            1065353216,
            0,
            0,
            1053609165,
            987179516,
            981668463,
            990057071,
            0,
            1041305065,
            1082130432,
            1033543548,
            0,
            0,
            0,
            0,
            0
          ],
          "key": "hadamard",
          "named_values": {
            "anchor_u": 0.43760430812835693,
            "anchor_v": 0.55992591381073,
            "anchor_orientation": 0.0,
            "radius": 0.1812746822834015,
            "phase_gain": 1.0,
            "shift_u": 0.0,
            "shift_v": 0.0,
            "placement_scale": 0.4000000059604645,
            "control": 0.001641571056097746,
            "du": 0.0010000000474974513,
            "dv": 0.0020000000949949026,
            "feedback_gain": 0.0,
            "last_mutator_field": 0.1416546255350113,
            "previous_body_handle": 4.0,
            "last_pinion_field": 0.0754995048046112,
            "reserved_0": 0.0,
            "reserved_1": 0.0,
            "reserved_2": 0.0,
            "reserved_3": 0.0,
            "reserved_4": 0.0
          },
          "slot_functions": {
            "body": "hinge_conjugate",
            "field": "disk_expanded",
            "placement": "placement_canonical"
          }
        },
        {
          "ordinal": 1,
          "source_index": 5,
          "body_handle": 9,
          "field_handle": 2,
          "placement_handle": 0,
          "generation": 2,
          "values": [
            0.644324541091919,
            0.40974071621894836,
            0.0,
            0.18038807809352875,
            1.0,
            0.0,
            0.0,
            0.4000000059604645,
            0.002100610174238682,
            0.0010000000474974513,
            0.0020000000949949026,
            0.0,
            0.29488641023635864,
            8.0,
            -0.1800527572631836,
            0.0,
            0.0,
            0.0,
            0.0,
            0.0
          ],
          "value_bits": [
            1059385972,
            1053936009,
            0,
            1043904423,
            1065353216,
            0,
            0,
            1053609165,
            990489188,
            981668463,
            990057071,
            0,
            1050082138,
            1090519040,
            3191365568,
            0,
            0,
            0,
            0,
            0
          ],
          "raw_words": [
            9,
            2,
            0,
            2,
            1059385972,
            1053936009,
            0,
            1043904423,
            1065353216,
            0,
            0,
            1053609165,
            990489188,
            981668463,
            990057071,
            0,
            1050082138,
            1090519040,
            3191365568,
            0,
            0,
            0,
            0,
            0
          ],
          "key": "pinion",
          "named_values": {
            "anchor_u": 0.644324541091919,
            "anchor_v": 0.40974071621894836,
            "anchor_orientation": 0.0,
            "radius": 0.18038807809352875,
            "phase_gain": 1.0,
            "shift_u": 0.0,
            "shift_v": 0.0,
            "placement_scale": 0.4000000059604645,
            "control": 0.002100610174238682,
            "du": 0.0010000000474974513,
            "dv": 0.0020000000949949026,
            "feedback_gain": 0.0,
            "last_mutator_field": 0.29488641023635864,
            "previous_body_handle": 8.0,
            "last_pinion_field": -0.1800527572631836,
            "reserved_0": 0.0,
            "reserved_1": 0.0,
            "reserved_2": 0.0,
            "reserved_3": 0.0,
            "reserved_4": 0.0
          },
          "slot_functions": {
            "body": "pinion_reverse",
            "field": "disk",
            "placement": "placement_canonical"
          }
        },
        {
          "ordinal": 2,
          "source_index": 30,
          "body_handle": 7,
          "field_handle": 2,
          "placement_handle": 0,
          "generation": 2,
          "values": [
            0.11910167336463928,
            0.6018947958946228,
            0.0,
            0.17972135543823242,
            1.0,
            0.0,
            0.0,
            0.4000000059604645,
            0.0006774114444851875,
            0.0010000000474974513,
            0.0020000000949949026,
            0.0,
            -0.17971910536289215,
            7.0,
            0.2945527732372284,
            0.0,
            0.0,
            0.0,
            0.0,
            0.0
          ],
          "value_bits": [
            1039395732,
            1058674119,
            0,
            1043859680,
            1065353216,
            0,
            0,
            1053609165,
            976327760,
            981668463,
            990057071,
            0,
            3191343177,
            1088421888,
            1050070943,
            0,
            0,
            0,
            0,
            0
          ],
          "raw_words": [
            7,
            2,
            0,
            2,
            1039395732,
            1058674119,
            0,
            1043859680,
            1065353216,
            0,
            0,
            1053609165,
            976327760,
            981668463,
            990057071,
            0,
            3191343177,
            1088421888,
            1050070943,
            0,
            0,
            0,
            0,
            0
          ],
          "key": "mutation",
          "named_values": {
            "anchor_u": 0.11910167336463928,
            "anchor_v": 0.6018947958946228,
            "anchor_orientation": 0.0,
            "radius": 0.17972135543823242,
            "phase_gain": 1.0,
            "shift_u": 0.0,
            "shift_v": 0.0,
            "placement_scale": 0.4000000059604645,
            "control": 0.0006774114444851875,
            "du": 0.0010000000474974513,
            "dv": 0.0020000000949949026,
            "feedback_gain": 0.0,
            "last_mutator_field": -0.17971910536289215,
            "previous_body_handle": 7.0,
            "last_pinion_field": 0.2945527732372284,
            "reserved_0": 0.0,
            "reserved_1": 0.0,
            "reserved_2": 0.0,
            "reserved_3": 0.0,
            "reserved_4": 0.0
          },
          "slot_functions": {
            "body": "mutation_successor",
            "field": "disk",
            "placement": "placement_canonical"
          }
        }
      ],
      "named_state": {
        "u": 0.22261910140514374,
        "v": 0.4993540048599243,
        "orientation": 0.0,
        "ar": 0.503880500793457,
        "ai": 0.2623078525066376,
        "br": -0.25388050079345703,
        "bi": 0.48769208788871765,
        "phase": 0.23495613038539886,
        "dt": 0.125,
        "jitter": 1.0,
        "previous_ar": 0.5199399590492249,
        "previous_ai": 0.3584950566291809,
        "previous_br": -0.26993992924690247,
        "previous_bi": 0.3915048837661743,
        "surface_u": 0.2207247018814087,
        "surface_v": 0.49991747736930847
      }
    },
    {
      "epoch": 2,
      "status": 0,
      "failure_phase": 0,
      "failure_target_ordinal": 0,
      "failure_step": 0,
      "failure_detail": 0,
      "header_words": [
        2,
        0,
        0,
        0,
        0,
        0
      ],
      "state": [
        0.2538214325904846,
        0.12486504763364792,
        0.0,
        0.5036078095436096,
        0.26139479875564575,
        -0.25360777974128723,
        0.48860517144203186,
        0.2555215358734131,
        0.125,
        0.0,
        0.5106788277626038,
        0.46161317825317383,
        -0.26067879796028137,
        0.2883867621421814,
        0.2519283890724182,
        0.1254330724477768
      ],
      "state_bits": [
        1048704226,
        1040169279,
        0,
        1057025137,
        1048958346,
        3196180705,
        1056582261,
        1048761272,
        1040187392,
        0,
        1057143769,
        1055676560,
        3196417969,
        1049864046,
        1048640706,
        1040216455
      ],
      "records": [
        {
          "ordinal": 0,
          "source_index": 1,
          "body_handle": 5,
          "field_handle": 3,
          "placement_handle": 0,
          "generation": 2,
          "values": [
            0.4373350739479065,
            0.5598868131637573,
            0.0,
            0.181617870926857,
            1.0,
            0.0,
            0.0,
            0.4000000059604645,
            0.0018478076672181487,
            0.0010000000474974513,
            0.0020000000949949026,
            0.0,
            0.14165490865707397,
            4.0,
            0.07549968361854553,
            0.0,
            0.0,
            0.0,
            0.0,
            0.0
          ],
          "value_bits": [
            1054861922,
            1057969342,
            0,
            1043986953,
            1065353216,
            0,
            0,
            1053609165,
            988951075,
            981668463,
            990057071,
            0,
            1041305084,
            1082130432,
            1033543572,
            0,
            0,
            0,
            0,
            0
          ],
          "raw_words": [
            5,
            3,
            0,
            2,
            1054861922,
            1057969342,
            0,
            1043986953,
            1065353216,
            0,
            0,
            1053609165,
            988951075,
            981668463,
            990057071,
            0,
            1041305084,
            1082130432,
            1033543572,
            0,
            0,
            0,
            0,
            0
          ],
          "key": "hadamard",
          "named_values": {
            "anchor_u": 0.4373350739479065,
            "anchor_v": 0.5598868131637573,
            "anchor_orientation": 0.0,
            "radius": 0.181617870926857,
            "phase_gain": 1.0,
            "shift_u": 0.0,
            "shift_v": 0.0,
            "placement_scale": 0.4000000059604645,
            "control": 0.0018478076672181487,
            "du": 0.0010000000474974513,
            "dv": 0.0020000000949949026,
            "feedback_gain": 0.0,
            "last_mutator_field": 0.14165490865707397,
            "previous_body_handle": 4.0,
            "last_pinion_field": 0.07549968361854553,
            "reserved_0": 0.0,
            "reserved_1": 0.0,
            "reserved_2": 0.0,
            "reserved_3": 0.0,
            "reserved_4": 0.0
          },
          "slot_functions": {
            "body": "hinge_conjugate",
            "field": "disk_expanded",
            "placement": "placement_canonical"
          }
        },
        {
          "ordinal": 1,
          "source_index": 5,
          "body_handle": 9,
          "field_handle": 2,
          "placement_handle": 0,
          "generation": 2,
          "values": [
            0.6440552473068237,
            0.4097016453742981,
            0.0,
            0.18073128163814545,
            1.0,
            0.0,
            0.0,
            0.4000000059604645,
            0.0023068382870405912,
            0.0010000000474974513,
            0.0020000000949949026,
            0.0,
            0.29488107562065125,
            8.0,
            -0.1800525188446045,
            0.0,
            0.0,
            0.0,
            0.0,
            0.0
          ],
          "value_bits": [
            1059381454,
            1053934698,
            0,
            1043927455,
            1065353216,
            0,
            0,
            1053609165,
            991374931,
            981668463,
            990057071,
            0,
            1050081959,
            1090519040,
            3191365552,
            0,
            0,
            0,
            0,
            0
          ],
          "raw_words": [
            9,
            2,
            0,
            2,
            1059381454,
            1053934698,
            0,
            1043927455,
            1065353216,
            0,
            0,
            1053609165,
            991374931,
            981668463,
            990057071,
            0,
            1050081959,
            1090519040,
            3191365552,
            0,
            0,
            0,
            0,
            0
          ],
          "key": "pinion",
          "named_values": {
            "anchor_u": 0.6440552473068237,
            "anchor_v": 0.4097016453742981,
            "anchor_orientation": 0.0,
            "radius": 0.18073128163814545,
            "phase_gain": 1.0,
            "shift_u": 0.0,
            "shift_v": 0.0,
            "placement_scale": 0.4000000059604645,
            "control": 0.0023068382870405912,
            "du": 0.0010000000474974513,
            "dv": 0.0020000000949949026,
            "feedback_gain": 0.0,
            "last_mutator_field": 0.29488107562065125,
            "previous_body_handle": 8.0,
            "last_pinion_field": -0.1800525188446045,
            "reserved_0": 0.0,
            "reserved_1": 0.0,
            "reserved_2": 0.0,
            "reserved_3": 0.0,
            "reserved_4": 0.0
          },
          "slot_functions": {
            "body": "pinion_reverse",
            "field": "disk",
            "placement": "placement_canonical"
          }
        },
        {
          "ordinal": 2,
          "source_index": 30,
          "body_handle": 7,
          "field_handle": 2,
          "placement_handle": 0,
          "generation": 2,
          "values": [
            0.11883241683244705,
            0.6018556356430054,
            0.0,
            0.18006454408168793,
            1.0,
            0.0,
            0.0,
            0.4000000059604645,
            0.0008836481138132513,
            0.0010000000474974513,
            0.0020000000949949026,
            0.0,
            -0.17971885204315186,
            7.0,
            0.2945474088191986,
            0.0,
            0.0,
            0.0,
            0.0,
            0.0
          ],
          "value_bits": [
            1039359593,
            1058673462,
            0,
            1043882711,
            1065353216,
            0,
            0,
            1053609165,
            979870879,
            981668463,
            990057071,
            0,
            3191343160,
            1088421888,
            1050070763,
            0,
            0,
            0,
            0,
            0
          ],
          "raw_words": [
            7,
            2,
            0,
            2,
            1039359593,
            1058673462,
            0,
            1043882711,
            1065353216,
            0,
            0,
            1053609165,
            979870879,
            981668463,
            990057071,
            0,
            3191343160,
            1088421888,
            1050070763,
            0,
            0,
            0,
            0,
            0
          ],
          "key": "mutation",
          "named_values": {
            "anchor_u": 0.11883241683244705,
            "anchor_v": 0.6018556356430054,
            "anchor_orientation": 0.0,
            "radius": 0.18006454408168793,
            "phase_gain": 1.0,
            "shift_u": 0.0,
            "shift_v": 0.0,
            "placement_scale": 0.4000000059604645,
            "control": 0.0008836481138132513,
            "du": 0.0010000000474974513,
            "dv": 0.0020000000949949026,
            "feedback_gain": 0.0,
            "last_mutator_field": -0.17971885204315186,
            "previous_body_handle": 7.0,
            "last_pinion_field": 0.2945474088191986,
            "reserved_0": 0.0,
            "reserved_1": 0.0,
            "reserved_2": 0.0,
            "reserved_3": 0.0,
            "reserved_4": 0.0
          },
          "slot_functions": {
            "body": "mutation_successor",
            "field": "disk",
            "placement": "placement_canonical"
          }
        }
      ],
      "named_state": {
        "u": 0.2538214325904846,
        "v": 0.12486504763364792,
        "orientation": 0.0,
        "ar": 0.5036078095436096,
        "ai": 0.26139479875564575,
        "br": -0.25360777974128723,
        "bi": 0.48860517144203186,
        "phase": 0.2555215358734131,
        "dt": 0.125,
        "jitter": 0.0,
        "previous_ar": 0.5106788277626038,
        "previous_ai": 0.46161317825317383,
        "previous_br": -0.26067879796028137,
        "previous_bi": 0.2883867621421814,
        "surface_u": 0.2519283890724182,
        "surface_v": 0.1254330724477768
      }
    },
    {
      "epoch": 2,
      "status": 0,
      "failure_phase": 0,
      "failure_target_ordinal": 0,
      "failure_step": 0,
      "failure_detail": 0,
      "header_words": [
        2,
        0,
        0,
        0,
        0,
        0
      ],
      "state": [
        0.2851080000400543,
        0.24965080618858337,
        0.0,
        0.503707766532898,
        0.2617286145687103,
        -0.25370776653289795,
        0.4882713258266449,
        0.26862186193466187,
        0.125,
        1.0,
        0.5178908705711365,
        0.41843655705451965,
        -0.26789090037345886,
        0.33156338334083557,
        0.2832144498825073,
        0.25021716952323914
      ],
      "state_bits": [
        1049754029,
        1048552566,
        0,
        1057026814,
        1048969547,
        3196184060,
        1056571059,
        1049200846,
        1040187392,
        1065353216,
        1057264767,
        1054227793,
        3196659967,
        1051312813,
        1049690492,
        1048583287
      ],
      "records": [
        {
          "ordinal": 0,
          "source_index": 1,
          "body_handle": 5,
          "field_handle": 3,
          "placement_handle": 0,
          "generation": 2,
          "values": [
            0.4376070201396942,
            0.560044527053833,
            0.0,
            0.18146231770515442,
            1.0,
            0.0,
            0.0,
            0.4000000059604645,
            0.0017614540411159396,
            0.0010000000474974513,
            0.0020000000949949026,
            0.0,
            0.1416546255350113,
            4.0,
            0.0754995048046112,
            0.0,
            0.0,
            0.0,
            0.0,
            0.0
          ],
          "value_bits": [
            1054871047,
            1057971988,
            0,
            1043976514,
            1065353216,
            0,
            0,
            1053609165,
            988209303,
            981668463,
            990057071,
            0,
            1041305065,
            1082130432,
            1033543548,
            0,
            0,
            0,
            0,
            0
          ],
          "raw_words": [
            5,
            3,
            0,
            2,
            1054871047,
            1057971988,
            0,
            1043976514,
            1065353216,
            0,
            0,
            1053609165,
            988209303,
            981668463,
            990057071,
            0,
            1041305065,
            1082130432,
            1033543548,
            0,
            0,
            0,
            0,
            0
          ],
          "key": "hadamard",
          "named_values": {
            "anchor_u": 0.4376070201396942,
            "anchor_v": 0.560044527053833,
            "anchor_orientation": 0.0,
            "radius": 0.18146231770515442,
            "phase_gain": 1.0,
            "shift_u": 0.0,
            "shift_v": 0.0,
            "placement_scale": 0.4000000059604645,
            "control": 0.0017614540411159396,
            "du": 0.0010000000474974513,
            "dv": 0.0020000000949949026,
            "feedback_gain": 0.0,
            "last_mutator_field": 0.1416546255350113,
            "previous_body_handle": 4.0,
            "last_pinion_field": 0.0754995048046112,
            "reserved_0": 0.0,
            "reserved_1": 0.0,
            "reserved_2": 0.0,
            "reserved_3": 0.0,
            "reserved_4": 0.0
          },
          "slot_functions": {
            "body": "hinge_conjugate",
            "field": "disk_expanded",
            "placement": "placement_canonical"
          }
        },
        {
          "ordinal": 1,
          "source_index": 5,
          "body_handle": 9,
          "field_handle": 2,
          "placement_handle": 0,
          "generation": 2,
          "values": [
            0.6443272829055786,
            0.4098593294620514,
            0.0,
            0.18057569861412048,
            1.0,
            0.0,
            0.0,
            0.4000000059604645,
            0.0022204930428415537,
            0.0010000000474974513,
            0.0020000000949949026,
            0.0,
            0.29488641023635864,
            8.0,
            -0.1800527572631836,
            0.0,
            0.0,
            0.0,
            0.0,
            0.0
          ],
          "value_bits": [
            1059386018,
            1053939989,
            0,
            1043917014,
            1065353216,
            0,
            0,
            1053609165,
            991004081,
            981668463,
            990057071,
            0,
            1050082138,
            1090519040,
            3191365568,
            0,
            0,
            0,
            0,
            0
          ],
          "raw_words": [
            9,
            2,
            0,
            2,
            1059386018,
            1053939989,
            0,
            1043917014,
            1065353216,
            0,
            0,
            1053609165,
            991004081,
            981668463,
            990057071,
            0,
            1050082138,
            1090519040,
            3191365568,
            0,
            0,
            0,
            0,
            0
          ],
          "key": "pinion",
          "named_values": {
            "anchor_u": 0.6443272829055786,
            "anchor_v": 0.4098593294620514,
            "anchor_orientation": 0.0,
            "radius": 0.18057569861412048,
            "phase_gain": 1.0,
            "shift_u": 0.0,
            "shift_v": 0.0,
            "placement_scale": 0.4000000059604645,
            "control": 0.0022204930428415537,
            "du": 0.0010000000474974513,
            "dv": 0.0020000000949949026,
            "feedback_gain": 0.0,
            "last_mutator_field": 0.29488641023635864,
            "previous_body_handle": 8.0,
            "last_pinion_field": -0.1800527572631836,
            "reserved_0": 0.0,
            "reserved_1": 0.0,
            "reserved_2": 0.0,
            "reserved_3": 0.0,
            "reserved_4": 0.0
          },
          "slot_functions": {
            "body": "pinion_reverse",
            "field": "disk",
            "placement": "placement_canonical"
          }
        },
        {
          "ordinal": 2,
          "source_index": 30,
          "body_handle": 7,
          "field_handle": 2,
          "placement_handle": 0,
          "generation": 2,
          "values": [
            0.11910436302423477,
            0.6020134091377258,
            0.0,
            0.17990897595882416,
            1.0,
            0.0,
            0.0,
            0.4000000059604645,
            0.0007972944295033813,
            0.0010000000474974513,
            0.0020000000949949026,
            0.0,
            -0.17971910536289215,
            7.0,
            0.2945527732372284,
            0.0,
            0.0,
            0.0,
            0.0,
            0.0
          ],
          "value_bits": [
            1039396093,
            1058676109,
            0,
            1043872271,
            1065353216,
            0,
            0,
            1053609165,
            978387334,
            981668463,
            990057071,
            0,
            3191343177,
            1088421888,
            1050070943,
            0,
            0,
            0,
            0,
            0
          ],
          "raw_words": [
            7,
            2,
            0,
            2,
            1039396093,
            1058676109,
            0,
            1043872271,
            1065353216,
            0,
            0,
            1053609165,
            978387334,
            981668463,
            990057071,
            0,
            3191343177,
            1088421888,
            1050070943,
            0,
            0,
            0,
            0,
            0
          ],
          "key": "mutation",
          "named_values": {
            "anchor_u": 0.11910436302423477,
            "anchor_v": 0.6020134091377258,
            "anchor_orientation": 0.0,
            "radius": 0.17990897595882416,
            "phase_gain": 1.0,
            "shift_u": 0.0,
            "shift_v": 0.0,
            "placement_scale": 0.4000000059604645,
            "control": 0.0007972944295033813,
            "du": 0.0010000000474974513,
            "dv": 0.0020000000949949026,
            "feedback_gain": 0.0,
            "last_mutator_field": -0.17971910536289215,
            "previous_body_handle": 7.0,
            "last_pinion_field": 0.2945527732372284,
            "reserved_0": 0.0,
            "reserved_1": 0.0,
            "reserved_2": 0.0,
            "reserved_3": 0.0,
            "reserved_4": 0.0
          },
          "slot_functions": {
            "body": "mutation_successor",
            "field": "disk",
            "placement": "placement_canonical"
          }
        }
      ],
      "named_state": {
        "u": 0.2851080000400543,
        "v": 0.24965080618858337,
        "orientation": 0.0,
        "ar": 0.503707766532898,
        "ai": 0.2617286145687103,
        "br": -0.25370776653289795,
        "bi": 0.4882713258266449,
        "phase": 0.26862186193466187,
        "dt": 0.125,
        "jitter": 1.0,
        "previous_ar": 0.5178908705711365,
        "previous_ai": 0.41843655705451965,
        "previous_br": -0.26789090037345886,
        "previous_bi": 0.33156338334083557,
        "surface_u": 0.2832144498825073,
        "surface_v": 0.25021716952323914
      }
    },
    {
      "epoch": 2,
      "status": 0,
      "failure_phase": 0,
      "failure_target_ordinal": 0,
      "failure_step": 0,
      "failure_detail": 0,
      "header_words": [
        2,
        0,
        0,
        0,
        0,
        0
      ],
      "state": [
        0.3163706660270691,
        0.37443915009498596,
        0.0,
        0.5038493871688843,
        0.2622029185295105,
        -0.2538493573665619,
        0.4877970516681671,
        0.2817637622356415,
        0.125,
        0.0,
        0.5202842354774475,
        0.37562626600265503,
        -0.2702842056751251,
        0.3743736743927002,
        0.3144764304161072,
        0.3750031292438507
      ],
      "state_bits": [
        1050803030,
        1052751485,
        0,
        1057029190,
        1048985462,
        3196188811,
        1056555145,
        1049641815,
        1040187392,
        0,
        1057304921,
        1052791318,
        3196740273,
        1052749288,
        1050739470,
        1052770409
      ],
      "records": [
        {
          "ordinal": 0,
          "source_index": 1,
          "body_handle": 5,
          "field_handle": 3,
          "placement_handle": 0,
          "generation": 2,
          "values": [
            0.43736690282821655,
            0.5597031116485596,
            0.0,
            0.18130522966384888,
            1.0,
            0.0,
            0.0,
            0.4000000059604645,
            0.001675833947956562,
            0.0010000000474974513,
            0.0020000000949949026,
            0.0,
            0.14165490865707397,
            4.0,
            0.07549968361854553,
            0.0,
            0.0,
            0.0,
            0.0,
            0.0
          ],
          "value_bits": [
            1054862990,
            1057966260,
            0,
            1043965972,
            1065353216,
            0,
            0,
            1053609165,
            987473832,
            981668463,
            990057071,
            0,
            1041305084,
            1082130432,
            1033543572,
            0,
            0,
            0,
            0,
            0
          ],
          "raw_words": [
            5,
            3,
            0,
            2,
            1054862990,
            1057966260,
            0,
            1043965972,
            1065353216,
            0,
            0,
            1053609165,
            987473832,
            981668463,
            990057071,
            0,
            1041305084,
            1082130432,
            1033543572,
            0,
            0,
            0,
            0,
            0
          ],
          "key": "hadamard",
          "named_values": {
            "anchor_u": 0.43736690282821655,
            "anchor_v": 0.5597031116485596,
            "anchor_orientation": 0.0,
            "radius": 0.18130522966384888,
            "phase_gain": 1.0,
            "shift_u": 0.0,
            "shift_v": 0.0,
            "placement_scale": 0.4000000059604645,
            "control": 0.001675833947956562,
            "du": 0.0010000000474974513,
            "dv": 0.0020000000949949026,
            "feedback_gain": 0.0,
            "last_mutator_field": 0.14165490865707397,
            "previous_body_handle": 4.0,
            "last_pinion_field": 0.07549968361854553,
            "reserved_0": 0.0,
            "reserved_1": 0.0,
            "reserved_2": 0.0,
            "reserved_3": 0.0,
            "reserved_4": 0.0
          },
          "slot_functions": {
            "body": "hinge_conjugate",
            "field": "disk_expanded",
            "placement": "placement_canonical"
          }
        },
        {
          "ordinal": 1,
          "source_index": 5,
          "body_handle": 9,
          "field_handle": 2,
          "placement_handle": 0,
          "generation": 2,
          "values": [
            0.6440870761871338,
            0.40951794385910034,
            0.0,
            0.18041862547397614,
            1.0,
            0.0,
            0.0,
            0.4000000059604645,
            0.0021348644513636827,
            0.0010000000474974513,
            0.0020000000949949026,
            0.0,
            0.29488107562065125,
            8.0,
            -0.1800525188446045,
            0.0,
            0.0,
            0.0,
            0.0,
            0.0
          ],
          "value_bits": [
            1059381988,
            1053928534,
            0,
            1043906473,
            1065353216,
            0,
            0,
            1053609165,
            990636309,
            981668463,
            990057071,
            0,
            1050081959,
            1090519040,
            3191365552,
            0,
            0,
            0,
            0,
            0
          ],
          "raw_words": [
            9,
            2,
            0,
            2,
            1059381988,
            1053928534,
            0,
            1043906473,
            1065353216,
            0,
            0,
            1053609165,
            990636309,
            981668463,
            990057071,
            0,
            1050081959,
            1090519040,
            3191365552,
            0,
            0,
            0,
            0,
            0
          ],
          "key": "pinion",
          "named_values": {
            "anchor_u": 0.6440870761871338,
            "anchor_v": 0.40951794385910034,
            "anchor_orientation": 0.0,
            "radius": 0.18041862547397614,
            "phase_gain": 1.0,
            "shift_u": 0.0,
            "shift_v": 0.0,
            "placement_scale": 0.4000000059604645,
            "control": 0.0021348644513636827,
            "du": 0.0010000000474974513,
            "dv": 0.0020000000949949026,
            "feedback_gain": 0.0,
            "last_mutator_field": 0.29488107562065125,
            "previous_body_handle": 8.0,
            "last_pinion_field": -0.1800525188446045,
            "reserved_0": 0.0,
            "reserved_1": 0.0,
            "reserved_2": 0.0,
            "reserved_3": 0.0,
            "reserved_4": 0.0
          },
          "slot_functions": {
            "body": "pinion_reverse",
            "field": "disk",
            "placement": "placement_canonical"
          }
        },
        {
          "ordinal": 2,
          "source_index": 30,
          "body_handle": 7,
          "field_handle": 2,
          "placement_handle": 0,
          "generation": 2,
          "values": [
            0.11886423826217651,
            0.6016719341278076,
            0.0,
            0.17975188791751862,
            1.0,
            0.0,
            0.0,
            0.4000000059604645,
            0.0007116742781363428,
            0.0010000000474974513,
            0.0020000000949949026,
            0.0,
            -0.17971885204315186,
            7.0,
            0.2945474088191986,
            0.0,
            0.0,
            0.0,
            0.0,
            0.0
          ],
          "value_bits": [
            1039363864,
            1058670380,
            0,
            1043861729,
            1065353216,
            0,
            0,
            1053609165,
            976916391,
            981668463,
            990057071,
            0,
            3191343160,
            1088421888,
            1050070763,
            0,
            0,
            0,
            0,
            0
          ],
          "raw_words": [
            7,
            2,
            0,
            2,
            1039363864,
            1058670380,
            0,
            1043861729,
            1065353216,
            0,
            0,
            1053609165,
            976916391,
            981668463,
            990057071,
            0,
            3191343160,
            1088421888,
            1050070763,
            0,
            0,
            0,
            0,
            0
          ],
          "key": "mutation",
          "named_values": {
            "anchor_u": 0.11886423826217651,
            "anchor_v": 0.6016719341278076,
            "anchor_orientation": 0.0,
            "radius": 0.17975188791751862,
            "phase_gain": 1.0,
            "shift_u": 0.0,
            "shift_v": 0.0,
            "placement_scale": 0.4000000059604645,
            "control": 0.0007116742781363428,
            "du": 0.0010000000474974513,
            "dv": 0.0020000000949949026,
            "feedback_gain": 0.0,
            "last_mutator_field": -0.17971885204315186,
            "previous_body_handle": 7.0,
            "last_pinion_field": 0.2945474088191986,
            "reserved_0": 0.0,
            "reserved_1": 0.0,
            "reserved_2": 0.0,
            "reserved_3": 0.0,
            "reserved_4": 0.0
          },
          "slot_functions": {
            "body": "mutation_successor",
            "field": "disk",
            "placement": "placement_canonical"
          }
        }
      ],
      "named_state": {
        "u": 0.3163706660270691,
        "v": 0.37443915009498596,
        "orientation": 0.0,
        "ar": 0.5038493871688843,
        "ai": 0.2622029185295105,
        "br": -0.2538493573665619,
        "bi": 0.4877970516681671,
        "phase": 0.2817637622356415,
        "dt": 0.125,
        "jitter": 0.0,
        "previous_ar": 0.5202842354774475,
        "previous_ai": 0.37562626600265503,
        "previous_br": -0.2702842056751251,
        "previous_bi": 0.3743736743927002,
        "surface_u": 0.3144764304161072,
        "surface_v": 0.3750031292438507
      }
    },
    {
      "epoch": 2,
      "status": 0,
      "failure_phase": 0,
      "failure_target_ordinal": 0,
      "failure_step": 0,
      "failure_detail": 0,
      "header_words": [
        2,
        0,
        0,
        0,
        0,
        0
      ],
      "state": [
        0.3476123809814453,
        0.49925094842910767,
        0.0,
        0.5039666891098022,
        0.2625979483127594,
        -0.25396671891212463,
        0.4874019920825958,
        0.29514986276626587,
        0.125,
        1.0,
        0.5185107588768005,
        0.3375930190086365,
        -0.26851072907447815,
        0.41240695118904114,
        0.34571754932403564,
        0.4998129606246948
      ],
      "state_bits": [
        1051851328,
        1056939474,
        0,
        1057031158,
        1048998717,
        3196192749,
        1056541889,
        1050090978,
        1040187392,
        1065353216,
        1057275167,
        1051515134,
        3196680765,
        1054025473,
        1051787748,
        1056958332
      ],
      "records": [
        {
          "ordinal": 0,
          "source_index": 1,
          "body_handle": 5,
          "field_handle": 3,
          "placement_handle": 0,
          "generation": 2,
          "values": [
            0.43761637806892395,
            0.559873640537262,
            0.0,
            0.1811496466398239,
            1.0,
            0.0,
            0.0,
            0.4000000059604645,
            0.0015997668961063027,
            0.0010000000474974513,
            0.0020000000949949026,
            0.0,
            0.1416546255350113,
            4.0,
            0.0754995048046112,
            0.0,
            0.0,
            0.0,
            0.0,
            0.0
          ],
          "value_bits": [
            1054871361,
            1057969121,
            0,
            1043955531,
            1065353216,
            0,
            0,
            1053609165,
            986820421,
            981668463,
            990057071,
            0,
            1041305065,
            1082130432,
            1033543548,
            0,
            0,
            0,
            0,
            0
          ],
          "raw_words": [
            5,
            3,
            0,
            2,
            1054871361,
            1057969121,
            0,
            1043955531,
            1065353216,
            0,
            0,
            1053609165,
            986820421,
            981668463,
            990057071,
            0,
            1041305065,
            1082130432,
            1033543548,
            0,
            0,
            0,
            0,
            0
          ],
          "key": "hadamard",
          "named_values": {
            "anchor_u": 0.43761637806892395,
            "anchor_v": 0.559873640537262,
            "anchor_orientation": 0.0,
            "radius": 0.1811496466398239,
            "phase_gain": 1.0,
            "shift_u": 0.0,
            "shift_v": 0.0,
            "placement_scale": 0.4000000059604645,
            "control": 0.0015997668961063027,
            "du": 0.0010000000474974513,
            "dv": 0.0020000000949949026,
            "feedback_gain": 0.0,
            "last_mutator_field": 0.1416546255350113,
            "previous_body_handle": 4.0,
            "last_pinion_field": 0.0754995048046112,
            "reserved_0": 0.0,
            "reserved_1": 0.0,
            "reserved_2": 0.0,
            "reserved_3": 0.0,
            "reserved_4": 0.0
          },
          "slot_functions": {
            "body": "hinge_conjugate",
            "field": "disk_expanded",
            "placement": "placement_canonical"
          }
        },
        {
          "ordinal": 1,
          "source_index": 5,
          "body_handle": 9,
          "field_handle": 2,
          "placement_handle": 0,
          "generation": 2,
          "values": [
            0.6443366408348083,
            0.40968847274780273,
            0.0,
            0.18026302754878998,
            1.0,
            0.0,
            0.0,
            0.4000000059604645,
            0.002058805897831917,
            0.0010000000474974513,
            0.0020000000949949026,
            0.0,
            0.29488641023635864,
            8.0,
            -0.1800527572631836,
            0.0,
            0.0,
            0.0,
            0.0,
            0.0
          ],
          "value_bits": [
            1059386175,
            1053934256,
            0,
            1043896031,
            1065353216,
            0,
            0,
            1053609165,
            990309640,
            981668463,
            990057071,
            0,
            1050082138,
            1090519040,
            3191365568,
            0,
            0,
            0,
            0,
            0
          ],
          "raw_words": [
            9,
            2,
            0,
            2,
            1059386175,
            1053934256,
            0,
            1043896031,
            1065353216,
            0,
            0,
            1053609165,
            990309640,
            981668463,
            990057071,
            0,
            1050082138,
            1090519040,
            3191365568,
            0,
            0,
            0,
            0,
            0
          ],
          "key": "pinion",
          "named_values": {
            "anchor_u": 0.6443366408348083,
            "anchor_v": 0.40968847274780273,
            "anchor_orientation": 0.0,
            "radius": 0.18026302754878998,
            "phase_gain": 1.0,
            "shift_u": 0.0,
            "shift_v": 0.0,
            "placement_scale": 0.4000000059604645,
            "control": 0.002058805897831917,
            "du": 0.0010000000474974513,
            "dv": 0.0020000000949949026,
            "feedback_gain": 0.0,
            "last_mutator_field": 0.29488641023635864,
            "previous_body_handle": 8.0,
            "last_pinion_field": -0.1800527572631836,
            "reserved_0": 0.0,
            "reserved_1": 0.0,
            "reserved_2": 0.0,
            "reserved_3": 0.0,
            "reserved_4": 0.0
          },
          "slot_functions": {
            "body": "pinion_reverse",
            "field": "disk",
            "placement": "placement_canonical"
          }
        },
        {
          "ordinal": 2,
          "source_index": 30,
          "body_handle": 7,
          "field_handle": 2,
          "placement_handle": 0,
          "generation": 2,
          "values": [
            0.11911372095346451,
            0.6018425226211548,
            0.0,
            0.17959630489349365,
            1.0,
            0.0,
            0.0,
            0.4000000059604645,
            0.0006356074009090662,
            0.0010000000474974513,
            0.0020000000949949026,
            0.0,
            -0.17971910536289215,
            7.0,
            0.2945527732372284,
            0.0,
            0.0,
            0.0,
            0.0,
            0.0
          ],
          "value_bits": [
            1039397349,
            1058673242,
            0,
            1043851288,
            1065353216,
            0,
            0,
            1053609165,
            975609572,
            981668463,
            990057071,
            0,
            3191343177,
            1088421888,
            1050070943,
            0,
            0,
            0,
            0,
            0
          ],
          "raw_words": [
            7,
            2,
            0,
            2,
            1039397349,
            1058673242,
            0,
            1043851288,
            1065353216,
            0,
            0,
            1053609165,
            975609572,
            981668463,
            990057071,
            0,
            3191343177,
            1088421888,
            1050070943,
            0,
            0,
            0,
            0,
            0
          ],
          "key": "mutation",
          "named_values": {
            "anchor_u": 0.11911372095346451,
            "anchor_v": 0.6018425226211548,
            "anchor_orientation": 0.0,
            "radius": 0.17959630489349365,
            "phase_gain": 1.0,
            "shift_u": 0.0,
            "shift_v": 0.0,
            "placement_scale": 0.4000000059604645,
            "control": 0.0006356074009090662,
            "du": 0.0010000000474974513,
            "dv": 0.0020000000949949026,
            "feedback_gain": 0.0,
            "last_mutator_field": -0.17971910536289215,
            "previous_body_handle": 7.0,
            "last_pinion_field": 0.2945527732372284,
            "reserved_0": 0.0,
            "reserved_1": 0.0,
            "reserved_2": 0.0,
            "reserved_3": 0.0,
            "reserved_4": 0.0
          },
          "slot_functions": {
            "body": "mutation_successor",
            "field": "disk",
            "placement": "placement_canonical"
          }
        }
      ],
      "named_state": {
        "u": 0.3476123809814453,
        "v": 0.49925094842910767,
        "orientation": 0.0,
        "ar": 0.5039666891098022,
        "ai": 0.2625979483127594,
        "br": -0.25396671891212463,
        "bi": 0.4874019920825958,
        "phase": 0.29514986276626587,
        "dt": 0.125,
        "jitter": 1.0,
        "previous_ar": 0.5185107588768005,
        "previous_ai": 0.3375930190086365,
        "previous_br": -0.26851072907447815,
        "previous_bi": 0.41240695118904114,
        "surface_u": 0.34571754932403564,
        "surface_v": 0.4998129606246948
      }
    },
    {
      "epoch": 2,
      "status": 0,
      "failure_phase": 0,
      "failure_target_ordinal": 0,
      "failure_step": 0,
      "failure_detail": 0,
      "header_words": [
        2,
        0,
        0,
        0,
        0,
        0
      ],
      "state": [
        0.37880828976631165,
        0.12491998076438904,
        0.0,
        0.5036107301712036,
        0.2614048421382904,
        -0.2536107003688812,
        0.4885950982570648,
        0.31734582781791687,
        0.125,
        0.0,
        0.5080482363700867,
        0.4725910425186157,
        -0.25804823637008667,
        0.2774088978767395,
        0.37691524624824524,
        0.12548795342445374
      ],
      "state_bits": [
        1052898089,
        1040176652,
        0,
        1057025186,
        1048958683,
        3196180803,
        1056581923,
        1050835751,
        1040187392,
        0,
        1057099635,
        1056044916,
        3196329702,
        1049495690,
        1052834569,
        1040220138
      ],
      "records": [
        {
          "ordinal": 0,
          "source_index": 1,
          "body_handle": 5,
          "field_handle": 3,
          "placement_handle": 0,
          "generation": 2,
          "values": [
            0.43734413385391235,
            0.5599142909049988,
            0.0,
            0.1814929097890854,
            1.0,
            0.0,
            0.0,
            0.4000000059604645,
            0.001869763364084065,
            0.0010000000474974513,
            0.0020000000949949026,
            0.0,
            0.14165490865707397,
            4.0,
            0.07549968361854553,
            0.0,
            0.0,
            0.0,
            0.0,
            0.0
          ],
          "value_bits": [
            1054862226,
            1057969803,
            0,
            1043978567,
            1065353216,
            0,
            0,
            1053609165,
            989139673,
            981668463,
            990057071,
            0,
            1041305084,
            1082130432,
            1033543572,
            0,
            0,
            0,
            0,
            0
          ],
          "raw_words": [
            5,
            3,
            0,
            2,
            1054862226,
            1057969803,
            0,
            1043978567,
            1065353216,
            0,
            0,
            1053609165,
            989139673,
            981668463,
            990057071,
            0,
            1041305084,
            1082130432,
            1033543572,
            0,
            0,
            0,
            0,
            0
          ],
          "key": "hadamard",
          "named_values": {
            "anchor_u": 0.43734413385391235,
            "anchor_v": 0.5599142909049988,
            "anchor_orientation": 0.0,
            "radius": 0.1814929097890854,
            "phase_gain": 1.0,
            "shift_u": 0.0,
            "shift_v": 0.0,
            "placement_scale": 0.4000000059604645,
            "control": 0.001869763364084065,
            "du": 0.0010000000474974513,
            "dv": 0.0020000000949949026,
            "feedback_gain": 0.0,
            "last_mutator_field": 0.14165490865707397,
            "previous_body_handle": 4.0,
            "last_pinion_field": 0.07549968361854553,
            "reserved_0": 0.0,
            "reserved_1": 0.0,
            "reserved_2": 0.0,
            "reserved_3": 0.0,
            "reserved_4": 0.0
          },
          "slot_functions": {
            "body": "hinge_conjugate",
            "field": "disk_expanded",
            "placement": "placement_canonical"
          }
        },
        {
          "ordinal": 1,
          "source_index": 5,
          "body_handle": 9,
          "field_handle": 2,
          "placement_handle": 0,
          "generation": 2,
          "values": [
            0.6440643072128296,
            0.40972909331321716,
            0.0,
            0.18060630559921265,
            1.0,
            0.0,
            0.0,
            0.4000000059604645,
            0.0023287939839065075,
            0.0010000000474974513,
            0.0020000000949949026,
            0.0,
            0.29488107562065125,
            8.0,
            -0.1800525188446045,
            0.0,
            0.0,
            0.0,
            0.0,
            0.0
          ],
          "value_bits": [
            1059381606,
            1053935619,
            0,
            1043919068,
            1065353216,
            0,
            0,
            1053609165,
            991469230,
            981668463,
            990057071,
            0,
            1050081959,
            1090519040,
            3191365552,
            0,
            0,
            0,
            0,
            0
          ],
          "raw_words": [
            9,
            2,
            0,
            2,
            1059381606,
            1053935619,
            0,
            1043919068,
            1065353216,
            0,
            0,
            1053609165,
            991469230,
            981668463,
            990057071,
            0,
            1050081959,
            1090519040,
            3191365552,
            0,
            0,
            0,
            0,
            0
          ],
          "key": "pinion",
          "named_values": {
            "anchor_u": 0.6440643072128296,
            "anchor_v": 0.40972909331321716,
            "anchor_orientation": 0.0,
            "radius": 0.18060630559921265,
            "phase_gain": 1.0,
            "shift_u": 0.0,
            "shift_v": 0.0,
            "placement_scale": 0.4000000059604645,
            "control": 0.0023287939839065075,
            "du": 0.0010000000474974513,
            "dv": 0.0020000000949949026,
            "feedback_gain": 0.0,
            "last_mutator_field": 0.29488107562065125,
            "previous_body_handle": 8.0,
            "last_pinion_field": -0.1800525188446045,
            "reserved_0": 0.0,
            "reserved_1": 0.0,
            "reserved_2": 0.0,
            "reserved_3": 0.0,
            "reserved_4": 0.0
          },
          "slot_functions": {
            "body": "pinion_reverse",
            "field": "disk",
            "placement": "placement_canonical"
          }
        },
        {
          "ordinal": 2,
          "source_index": 30,
          "body_handle": 7,
          "field_handle": 2,
          "placement_handle": 0,
          "generation": 2,
          "values": [
            0.11884146183729172,
            0.6018831133842468,
            0.0,
            0.17993958294391632,
            1.0,
            0.0,
            0.0,
            0.4000000059604645,
            0.0009056038106791675,
            0.0010000000474974513,
            0.0020000000949949026,
            0.0,
            -0.17971885204315186,
            7.0,
            0.2945474088191986,
            0.0,
            0.0,
            0.0,
            0.0,
            0.0
          ],
          "value_bits": [
            1039360807,
            1058673923,
            0,
            1043874325,
            1065353216,
            0,
            0,
            1053609165,
            980248075,
            981668463,
            990057071,
            0,
            3191343160,
            1088421888,
            1050070763,
            0,
            0,
            0,
            0,
            0
          ],
          "raw_words": [
            7,
            2,
            0,
            2,
            1039360807,
            1058673923,
            0,
            1043874325,
            1065353216,
            0,
            0,
            1053609165,
            980248075,
            981668463,
            990057071,
            0,
            3191343160,
            1088421888,
            1050070763,
            0,
            0,
            0,
            0,
            0
          ],
          "key": "mutation",
          "named_values": {
            "anchor_u": 0.11884146183729172,
            "anchor_v": 0.6018831133842468,
            "anchor_orientation": 0.0,
            "radius": 0.17993958294391632,
            "phase_gain": 1.0,
            "shift_u": 0.0,
            "shift_v": 0.0,
            "placement_scale": 0.4000000059604645,
            "control": 0.0009056038106791675,
            "du": 0.0010000000474974513,
            "dv": 0.0020000000949949026,
            "feedback_gain": 0.0,
            "last_mutator_field": -0.17971885204315186,
            "previous_body_handle": 7.0,
            "last_pinion_field": 0.2945474088191986,
            "reserved_0": 0.0,
            "reserved_1": 0.0,
            "reserved_2": 0.0,
            "reserved_3": 0.0,
            "reserved_4": 0.0
          },
          "slot_functions": {
            "body": "mutation_successor",
            "field": "disk",
            "placement": "placement_canonical"
          }
        }
      ],
      "named_state": {
        "u": 0.37880828976631165,
        "v": 0.12491998076438904,
        "orientation": 0.0,
        "ar": 0.5036107301712036,
        "ai": 0.2614048421382904,
        "br": -0.2536107003688812,
        "bi": 0.4885950982570648,
        "phase": 0.31734582781791687,
        "dt": 0.125,
        "jitter": 0.0,
        "previous_ar": 0.5080482363700867,
        "previous_ai": 0.4725910425186157,
        "previous_br": -0.25804823637008667,
        "previous_bi": 0.2774088978767395,
        "surface_u": 0.37691524624824524,
        "surface_v": 0.12548795342445374
      }
    },
    {
      "epoch": 2,
      "status": 0,
      "failure_phase": 0,
      "failure_target_ordinal": 0,
      "failure_step": 0,
      "failure_detail": 0,
      "header_words": [
        2,
        0,
        0,
        0,
        0,
        0
      ],
      "state": [
        0.4101013243198395,
        0.2497042566537857,
        0.0,
        0.5037046670913696,
        0.2617185413837433,
        -0.25370466709136963,
        0.4882814288139343,
        0.33042117953300476,
        0.125,
        1.0,
        0.5165601372718811,
        0.42913511395454407,
        -0.2665601372718811,
        0.32086482644081116,
        0.40820780396461487,
        0.25027066469192505
      ],
      "state_bits": [
        1053948109,
        1048556153,
        0,
        1057026762,
        1048969209,
        3196183956,
        1056571398,
        1051274487,
        1040187392,
        1065353216,
        1057242441,
        1054586777,
        3196615314,
        1050953829,
        1053884573,
        1048585082
      ],
      "records": [
        {
          "ordinal": 0,
          "source_index": 1,
          "body_handle": 5,
          "field_handle": 3,
          "placement_handle": 0,
          "generation": 2,
          "values": [
            0.43761929869651794,
            0.5600712299346924,
            0.0,
            0.1813373565673828,
            1.0,
            0.0,
            0.0,
            0.4000000059604645,
            0.0017828511772677302,
            0.0010000000474974513,
            0.0020000000949949026,
            0.0,
            0.1416546255350113,
            4.0,
            0.0754995048046112,
            0.0,
            0.0,
            0.0,
            0.0,
            0.0
          ],
          "value_bits": [
            1054871459,
            1057972436,
            0,
            1043968128,
            1065353216,
            0,
            0,
            1053609165,
            988393103,
            981668463,
            990057071,
            0,
            1041305065,
            1082130432,
            1033543548,
            0,
            0,
            0,
            0,
            0
          ],
          "raw_words": [
            5,
            3,
            0,
            2,
            1054871459,
            1057972436,
            0,
            1043968128,
            1065353216,
            0,
            0,
            1053609165,
            988393103,
            981668463,
            990057071,
            0,
            1041305065,
            1082130432,
            1033543548,
            0,
            0,
            0,
            0,
            0
          ],
          "key": "hadamard",
          "named_values": {
            "anchor_u": 0.43761929869651794,
            "anchor_v": 0.5600712299346924,
            "anchor_orientation": 0.0,
            "radius": 0.1813373565673828,
            "phase_gain": 1.0,
            "shift_u": 0.0,
            "shift_v": 0.0,
            "placement_scale": 0.4000000059604645,
            "control": 0.0017828511772677302,
            "du": 0.0010000000474974513,
            "dv": 0.0020000000949949026,
            "feedback_gain": 0.0,
            "last_mutator_field": 0.1416546255350113,
            "previous_body_handle": 4.0,
            "last_pinion_field": 0.0754995048046112,
            "reserved_0": 0.0,
            "reserved_1": 0.0,
            "reserved_2": 0.0,
            "reserved_3": 0.0,
            "reserved_4": 0.0
          },
          "slot_functions": {
            "body": "hinge_conjugate",
            "field": "disk_expanded",
            "placement": "placement_canonical"
          }
        },
        {
          "ordinal": 1,
          "source_index": 5,
          "body_handle": 9,
          "field_handle": 2,
          "placement_handle": 0,
          "generation": 2,
          "values": [
            0.6443395614624023,
            0.40988609194755554,
            0.0,
            0.18045073747634888,
            1.0,
            0.0,
            0.0,
            0.4000000059604645,
            0.0022418901789933443,
            0.0010000000474974513,
            0.0020000000949949026,
            0.0,
            0.29488641023635864,
            8.0,
            -0.1800527572631836,
            0.0,
            0.0,
            0.0,
            0.0,
            0.0
          ],
          "value_bits": [
            1059386224,
            1053940887,
            0,
            1043908628,
            1065353216,
            0,
            0,
            1053609165,
            991095981,
            981668463,
            990057071,
            0,
            1050082138,
            1090519040,
            3191365568,
            0,
            0,
            0,
            0,
            0
          ],
          "raw_words": [
            9,
            2,
            0,
            2,
            1059386224,
            1053940887,
            0,
            1043908628,
            1065353216,
            0,
            0,
            1053609165,
            991095981,
            981668463,
            990057071,
            0,
            1050082138,
            1090519040,
            3191365568,
            0,
            0,
            0,
            0,
            0
          ],
          "key": "pinion",
          "named_values": {
            "anchor_u": 0.6443395614624023,
            "anchor_v": 0.40988609194755554,
            "anchor_orientation": 0.0,
            "radius": 0.18045073747634888,
            "phase_gain": 1.0,
            "shift_u": 0.0,
            "shift_v": 0.0,
            "placement_scale": 0.4000000059604645,
            "control": 0.0022418901789933443,
            "du": 0.0010000000474974513,
            "dv": 0.0020000000949949026,
            "feedback_gain": 0.0,
            "last_mutator_field": 0.29488641023635864,
            "previous_body_handle": 8.0,
            "last_pinion_field": -0.1800527572631836,
            "reserved_0": 0.0,
            "reserved_1": 0.0,
            "reserved_2": 0.0,
            "reserved_3": 0.0,
            "reserved_4": 0.0
          },
          "slot_functions": {
            "body": "pinion_reverse",
            "field": "disk",
            "placement": "placement_canonical"
          }
        },
        {
          "ordinal": 2,
          "source_index": 30,
          "body_handle": 7,
          "field_handle": 2,
          "placement_handle": 0,
          "generation": 2,
          "values": [
            0.1191166564822197,
            0.6020401120185852,
            0.0,
            0.17978401482105255,
            1.0,
            0.0,
            0.0,
            0.4000000059604645,
            0.0008186915656551719,
            0.0010000000474974513,
            0.0020000000949949026,
            0.0,
            -0.17971910536289215,
            7.0,
            0.2945527732372284,
            0.0,
            0.0,
            0.0,
            0.0,
            0.0
          ],
          "value_bits": [
            1039397743,
            1058676557,
            0,
            1043863885,
            1065353216,
            0,
            0,
            1053609165,
            978754934,
            981668463,
            990057071,
            0,
            3191343177,
            1088421888,
            1050070943,
            0,
            0,
            0,
            0,
            0
          ],
          "raw_words": [
            7,
            2,
            0,
            2,
            1039397743,
            1058676557,
            0,
            1043863885,
            1065353216,
            0,
            0,
            1053609165,
            978754934,
            981668463,
            990057071,
            0,
            3191343177,
            1088421888,
            1050070943,
            0,
            0,
            0,
            0,
            0
          ],
          "key": "mutation",
          "named_values": {
            "anchor_u": 0.1191166564822197,
            "anchor_v": 0.6020401120185852,
            "anchor_orientation": 0.0,
            "radius": 0.17978401482105255,
            "phase_gain": 1.0,
            "shift_u": 0.0,
            "shift_v": 0.0,
            "placement_scale": 0.4000000059604645,
            "control": 0.0008186915656551719,
            "du": 0.0010000000474974513,
            "dv": 0.0020000000949949026,
            "feedback_gain": 0.0,
            "last_mutator_field": -0.17971910536289215,
            "previous_body_handle": 7.0,
            "last_pinion_field": 0.2945527732372284,
            "reserved_0": 0.0,
            "reserved_1": 0.0,
            "reserved_2": 0.0,
            "reserved_3": 0.0,
            "reserved_4": 0.0
          },
          "slot_functions": {
            "body": "mutation_successor",
            "field": "disk",
            "placement": "placement_canonical"
          }
        }
      ],
      "named_state": {
        "u": 0.4101013243198395,
        "v": 0.2497042566537857,
        "orientation": 0.0,
        "ar": 0.5037046670913696,
        "ai": 0.2617185413837433,
        "br": -0.25370466709136963,
        "bi": 0.4882814288139343,
        "phase": 0.33042117953300476,
        "dt": 0.125,
        "jitter": 1.0,
        "previous_ar": 0.5165601372718811,
        "previous_ai": 0.42913511395454407,
        "previous_br": -0.2665601372718811,
        "previous_bi": 0.32086482644081116,
        "surface_u": 0.40820780396461487,
        "surface_v": 0.25027066469192505
      }
    },
    {
      "epoch": 2,
      "status": 0,
      "failure_phase": 0,
      "failure_target_ordinal": 0,
      "failure_step": 0,
      "failure_detail": 0,
      "header_words": [
        2,
        0,
        0,
        0,
        0,
        0
      ],
      "state": [
        0.4413698613643646,
        0.3744877576828003,
        0.0,
        0.5038216710090637,
        0.26211017370224,
        -0.2538216710090637,
        0.4878897964954376,
        0.34351685643196106,
        0.125,
        0.0,
        0.5201466679573059,
        0.38544538617134094,
        -0.2701466381549835,
        0.3645545542240143,
        0.43947574496269226,
        0.37505221366882324
      ],
      "state_bits": [
        1054997307,
        1052753116,
        0,
        1057028725,
        1048982350,
        3196187882,
        1056558257,
        1051713905,
        1040187392,
        0,
        1057302613,
        1053120793,
        3196735657,
        1052419813,
        1054933751,
        1052772056
      ],
      "records": [
        {
          "ordinal": 0,
          "source_index": 1,
          "body_handle": 5,
          "field_handle": 3,
          "placement_handle": 0,
          "generation": 2,
          "values": [
            0.43738219141960144,
            0.559727668762207,
            0.0,
            0.18118026852607727,
            1.0,
            0.0,
            0.0,
            0.4000000059604645,
            0.0016954720485955477,
            0.0010000000474974513,
            0.0020000000949949026,
            0.0,
            0.14165490865707397,
            4.0,
            0.07549968361854553,
            0.0,
            0.0,
            0.0,
            0.0,
            0.0
          ],
          "value_bits": [
            1054863503,
            1057966672,
            0,
            1043957586,
            1065353216,
            0,
            0,
            1053609165,
            987642522,
            981668463,
            990057071,
            0,
            1041305084,
            1082130432,
            1033543572,
            0,
            0,
            0,
            0,
            0
          ],
          "raw_words": [
            5,
            3,
            0,
            2,
            1054863503,
            1057966672,
            0,
            1043957586,
            1065353216,
            0,
            0,
            1053609165,
            987642522,
            981668463,
            990057071,
            0,
            1041305084,
            1082130432,
            1033543572,
            0,
            0,
            0,
            0,
            0
          ],
          "key": "hadamard",
          "named_values": {
            "anchor_u": 0.43738219141960144,
            "anchor_v": 0.559727668762207,
            "anchor_orientation": 0.0,
            "radius": 0.18118026852607727,
            "phase_gain": 1.0,
            "shift_u": 0.0,
            "shift_v": 0.0,
            "placement_scale": 0.4000000059604645,
            "control": 0.0016954720485955477,
            "du": 0.0010000000474974513,
            "dv": 0.0020000000949949026,
            "feedback_gain": 0.0,
            "last_mutator_field": 0.14165490865707397,
            "previous_body_handle": 4.0,
            "last_pinion_field": 0.07549968361854553,
            "reserved_0": 0.0,
            "reserved_1": 0.0,
            "reserved_2": 0.0,
            "reserved_3": 0.0,
            "reserved_4": 0.0
          },
          "slot_functions": {
            "body": "hinge_conjugate",
            "field": "disk_expanded",
            "placement": "placement_canonical"
          }
        },
        {
          "ordinal": 1,
          "source_index": 5,
          "body_handle": 9,
          "field_handle": 2,
          "placement_handle": 0,
          "generation": 2,
          "values": [
            0.6441023945808411,
            0.4095425009727478,
            0.0,
            0.18029366433620453,
            1.0,
            0.0,
            0.0,
            0.4000000059604645,
            0.0021545025520026684,
            0.0010000000474974513,
            0.0020000000949949026,
            0.0,
            0.29488107562065125,
            8.0,
            -0.1800525188446045,
            0.0,
            0.0,
            0.0,
            0.0,
            0.0
          ],
          "value_bits": [
            1059382245,
            1053929358,
            0,
            1043898087,
            1065353216,
            0,
            0,
            1053609165,
            990720654,
            981668463,
            990057071,
            0,
            1050081959,
            1090519040,
            3191365552,
            0,
            0,
            0,
            0,
            0
          ],
          "raw_words": [
            9,
            2,
            0,
            2,
            1059382245,
            1053929358,
            0,
            1043898087,
            1065353216,
            0,
            0,
            1053609165,
            990720654,
            981668463,
            990057071,
            0,
            1050081959,
            1090519040,
            3191365552,
            0,
            0,
            0,
            0,
            0
          ],
          "key": "pinion",
          "named_values": {
            "anchor_u": 0.6441023945808411,
            "anchor_v": 0.4095425009727478,
            "anchor_orientation": 0.0,
            "radius": 0.18029366433620453,
            "phase_gain": 1.0,
            "shift_u": 0.0,
            "shift_v": 0.0,
            "placement_scale": 0.4000000059604645,
            "control": 0.0021545025520026684,
            "du": 0.0010000000474974513,
            "dv": 0.0020000000949949026,
            "feedback_gain": 0.0,
            "last_mutator_field": 0.29488107562065125,
            "previous_body_handle": 8.0,
            "last_pinion_field": -0.1800525188446045,
            "reserved_0": 0.0,
            "reserved_1": 0.0,
            "reserved_2": 0.0,
            "reserved_3": 0.0,
            "reserved_4": 0.0
          },
          "slot_functions": {
            "body": "pinion_reverse",
            "field": "disk",
            "placement": "placement_canonical"
          }
        },
        {
          "ordinal": 2,
          "source_index": 30,
          "body_handle": 7,
          "field_handle": 2,
          "placement_handle": 0,
          "generation": 2,
          "values": [
            0.1188795194029808,
            0.6016964912414551,
            0.0,
            0.179626926779747,
            1.0,
            0.0,
            0.0,
            0.4000000059604645,
            0.0007313124951906502,
            0.0010000000474974513,
            0.0020000000949949026,
            0.0,
            -0.17971885204315186,
            7.0,
            0.2945474088191986,
            0.0,
            0.0,
            0.0,
            0.0,
            0.0
          ],
          "value_bits": [
            1039365915,
            1058670792,
            0,
            1043853343,
            1065353216,
            0,
            0,
            1053609165,
            977253773,
            981668463,
            990057071,
            0,
            3191343160,
            1088421888,
            1050070763,
            0,
            0,
            0,
            0,
            0
          ],
          "raw_words": [
            7,
            2,
            0,
            2,
            1039365915,
            1058670792,
            0,
            1043853343,
            1065353216,
            0,
            0,
            1053609165,
            977253773,
            981668463,
            990057071,
            0,
            3191343160,
            1088421888,
            1050070763,
            0,
            0,
            0,
            0,
            0
          ],
          "key": "mutation",
          "named_values": {
            "anchor_u": 0.1188795194029808,
            "anchor_v": 0.6016964912414551,
            "anchor_orientation": 0.0,
            "radius": 0.179626926779747,
            "phase_gain": 1.0,
            "shift_u": 0.0,
            "shift_v": 0.0,
            "placement_scale": 0.4000000059604645,
            "control": 0.0007313124951906502,
            "du": 0.0010000000474974513,
            "dv": 0.0020000000949949026,
            "feedback_gain": 0.0,
            "last_mutator_field": -0.17971885204315186,
            "previous_body_handle": 7.0,
            "last_pinion_field": 0.2945474088191986,
            "reserved_0": 0.0,
            "reserved_1": 0.0,
            "reserved_2": 0.0,
            "reserved_3": 0.0,
            "reserved_4": 0.0
          },
          "slot_functions": {
            "body": "mutation_successor",
            "field": "disk",
            "placement": "placement_canonical"
          }
        }
      ],
      "named_state": {
        "u": 0.4413698613643646,
        "v": 0.3744877576828003,
        "orientation": 0.0,
        "ar": 0.5038216710090637,
        "ai": 0.26211017370224,
        "br": -0.2538216710090637,
        "bi": 0.4878897964954376,
        "phase": 0.34351685643196106,
        "dt": 0.125,
        "jitter": 0.0,
        "previous_ar": 0.5201466679573059,
        "previous_ai": 0.38544538617134094,
        "previous_br": -0.2701466381549835,
        "previous_bi": 0.3645545542240143,
        "surface_u": 0.43947574496269226,
        "surface_v": 0.37505221366882324
      }
    },
    {
      "epoch": 2,
      "status": 0,
      "failure_phase": 0,
      "failure_target_ordinal": 0,
      "failure_step": 0,
      "failure_detail": 0,
      "header_words": [
        2,
        0,
        0,
        0,
        0,
        0
      ],
      "state": [
        0.4726153016090393,
        0.49928921461105347,
        0.0,
        0.5038788318634033,
        0.2623019218444824,
        -0.2538788318634033,
        0.4876980483531952,
        0.3568156957626343,
        0.125,
        1.0,
        0.5191857814788818,
        0.34554511308670044,
        -0.26918575167655945,
        0.4044548571109772,
        0.47072091698646545,
        0.49985271692276
      ],
      "state_bits": [
        1056045730,
        1056940758,
        0,
        1057029684,
        1048988784,
        3196189800,
        1056551823,
        1052160140,
        1040187392,
        1065353216,
        1057286492,
        1051781962,
        3196703415,
        1053758645,
        1055982165,
        1056959666
      ],
      "records": [
        {
          "ordinal": 0,
          "source_index": 1,
          "body_handle": 5,
          "field_handle": 3,
          "placement_handle": 0,
          "generation": 2,
          "values": [
            0.4376336932182312,
            0.5598935484886169,
            0.0,
            0.1810246855020523,
            1.0,
            0.0,
            0.0,
            0.4000000059604645,
            0.0016156710917130113,
            0.0010000000474974513,
            0.0020000000949949026,
            0.0,
            0.1416546255350113,
            4.0,
            0.0754995048046112,
            0.0,
            0.0,
            0.0,
            0.0,
            0.0
          ],
          "value_bits": [
            1054871942,
            1057969455,
            0,
            1043947145,
            1065353216,
            0,
            0,
            1053609165,
            986957037,
            981668463,
            990057071,
            0,
            1041305065,
            1082130432,
            1033543548,
            0,
            0,
            0,
            0,
            0
          ],
          "raw_words": [
            5,
            3,
            0,
            2,
            1054871942,
            1057969455,
            0,
            1043947145,
            1065353216,
            0,
            0,
            1053609165,
            986957037,
            981668463,
            990057071,
            0,
            1041305065,
            1082130432,
            1033543548,
            0,
            0,
            0,
            0,
            0
          ],
          "key": "hadamard",
          "named_values": {
            "anchor_u": 0.4376336932182312,
            "anchor_v": 0.5598935484886169,
            "anchor_orientation": 0.0,
            "radius": 0.1810246855020523,
            "phase_gain": 1.0,
            "shift_u": 0.0,
            "shift_v": 0.0,
            "placement_scale": 0.4000000059604645,
            "control": 0.0016156710917130113,
            "du": 0.0010000000474974513,
            "dv": 0.0020000000949949026,
            "feedback_gain": 0.0,
            "last_mutator_field": 0.1416546255350113,
            "previous_body_handle": 4.0,
            "last_pinion_field": 0.0754995048046112,
            "reserved_0": 0.0,
            "reserved_1": 0.0,
            "reserved_2": 0.0,
            "reserved_3": 0.0,
            "reserved_4": 0.0
          },
          "slot_functions": {
            "body": "hinge_conjugate",
            "field": "disk_expanded",
            "placement": "placement_canonical"
          }
        },
        {
          "ordinal": 1,
          "source_index": 5,
          "body_handle": 9,
          "field_handle": 2,
          "placement_handle": 0,
          "generation": 2,
          "values": [
            0.6443539261817932,
            0.4097083508968353,
            0.0,
            0.18013806641101837,
            1.0,
            0.0,
            0.0,
            0.4000000059604645,
            0.0020747100934386253,
            0.0010000000474974513,
            0.0020000000949949026,
            0.0,
            0.29488641023635864,
            8.0,
            -0.1800527572631836,
            0.0,
            0.0,
            0.0,
            0.0,
            0.0
          ],
          "value_bits": [
            1059386465,
            1053934923,
            0,
            1043887645,
            1065353216,
            0,
            0,
            1053609165,
            990377948,
            981668463,
            990057071,
            0,
            1050082138,
            1090519040,
            3191365568,
            0,
            0,
            0,
            0,
            0
          ],
          "raw_words": [
            9,
            2,
            0,
            2,
            1059386465,
            1053934923,
            0,
            1043887645,
            1065353216,
            0,
            0,
            1053609165,
            990377948,
            981668463,
            990057071,
            0,
            1050082138,
            1090519040,
            3191365568,
            0,
            0,
            0,
            0,
            0
          ],
          "key": "pinion",
          "named_values": {
            "anchor_u": 0.6443539261817932,
            "anchor_v": 0.4097083508968353,
            "anchor_orientation": 0.0,
            "radius": 0.18013806641101837,
            "phase_gain": 1.0,
            "shift_u": 0.0,
            "shift_v": 0.0,
            "placement_scale": 0.4000000059604645,
            "control": 0.0020747100934386253,
            "du": 0.0010000000474974513,
            "dv": 0.0020000000949949026,
            "feedback_gain": 0.0,
            "last_mutator_field": 0.29488641023635864,
            "previous_body_handle": 8.0,
            "last_pinion_field": -0.1800527572631836,
            "reserved_0": 0.0,
            "reserved_1": 0.0,
            "reserved_2": 0.0,
            "reserved_3": 0.0,
            "reserved_4": 0.0
          },
          "slot_functions": {
            "body": "pinion_reverse",
            "field": "disk",
            "placement": "placement_canonical"
          }
        },
        {
          "ordinal": 2,
          "source_index": 30,
          "body_handle": 7,
          "field_handle": 2,
          "placement_handle": 0,
          "generation": 2,
          "values": [
            0.11913103610277176,
            0.6018624305725098,
            0.0,
            0.17947134375572205,
            1.0,
            0.0,
            0.0,
            0.4000000059604645,
            0.0006515115965157747,
            0.0010000000474974513,
            0.0020000000949949026,
            0.0,
            -0.17971910536289215,
            7.0,
            0.2945527732372284,
            0.0,
            0.0,
            0.0,
            0.0,
            0.0
          ],
          "value_bits": [
            1039399673,
            1058673576,
            0,
            1043842902,
            1065353216,
            0,
            0,
            1053609165,
            975882804,
            981668463,
            990057071,
            0,
            3191343177,
            1088421888,
            1050070943,
            0,
            0,
            0,
            0,
            0
          ],
          "raw_words": [
            7,
            2,
            0,
            2,
            1039399673,
            1058673576,
            0,
            1043842902,
            1065353216,
            0,
            0,
            1053609165,
            975882804,
            981668463,
            990057071,
            0,
            3191343177,
            1088421888,
            1050070943,
            0,
            0,
            0,
            0,
            0
          ],
          "key": "mutation",
          "named_values": {
            "anchor_u": 0.11913103610277176,
            "anchor_v": 0.6018624305725098,
            "anchor_orientation": 0.0,
            "radius": 0.17947134375572205,
            "phase_gain": 1.0,
            "shift_u": 0.0,
            "shift_v": 0.0,
            "placement_scale": 0.4000000059604645,
            "control": 0.0006515115965157747,
            "du": 0.0010000000474974513,
            "dv": 0.0020000000949949026,
            "feedback_gain": 0.0,
            "last_mutator_field": -0.17971910536289215,
            "previous_body_handle": 7.0,
            "last_pinion_field": 0.2945527732372284,
            "reserved_0": 0.0,
            "reserved_1": 0.0,
            "reserved_2": 0.0,
            "reserved_3": 0.0,
            "reserved_4": 0.0
          },
          "slot_functions": {
            "body": "mutation_successor",
            "field": "disk",
            "placement": "placement_canonical"
          }
        }
      ],
      "named_state": {
        "u": 0.4726153016090393,
        "v": 0.49928921461105347,
        "orientation": 0.0,
        "ar": 0.5038788318634033,
        "ai": 0.2623019218444824,
        "br": -0.2538788318634033,
        "bi": 0.4876980483531952,
        "phase": 0.3568156957626343,
        "dt": 0.125,
        "jitter": 1.0,
        "previous_ar": 0.5191857814788818,
        "previous_ai": 0.34554511308670044,
        "previous_br": -0.26918575167655945,
        "previous_bi": 0.4044548571109772,
        "surface_u": 0.47072091698646545,
        "surface_v": 0.49985271692276
      }
    },
    {
      "epoch": 2,
      "status": 0,
      "failure_phase": 0,
      "failure_target_ordinal": 0,
      "failure_step": 0,
      "failure_detail": 0,
      "header_words": [
        2,
        0,
        0,
        0,
        0,
        0
      ],
      "state": [
        0.5037736892700195,
        0.12503878772258759,
        0.0,
        0.503577470779419,
        0.2612939774990082,
        -0.25357747077941895,
        0.48870596289634705,
        0.3798559904098511,
        0.125,
        0.0,
        0.5011609792709351,
        0.49646154046058655,
        -0.25116094946861267,
        0.25353842973709106,
        0.5018808245658875,
        0.12560731172561646
      ],
      "state_bits": [
        1057027920,
        1040189995,
        0,
        1057024628,
        1048954963,
        3196179688,
        1056585643,
        1052933244,
        1040187392,
        0,
        1056984086,
        1056845877,
        3196098603,
        1048694730,
        1056996163,
        1040228148
      ],
      "records": [
        {
          "ordinal": 0,
          "source_index": 1,
          "body_handle": 5,
          "field_handle": 3,
          "placement_handle": 0,
          "generation": 2,
          "values": [
            0.4373425245285034,
            0.559973955154419,
            0.0,
            0.18136797845363617,
            1.0,
            0.0,
            0.0,
            0.4000000059604645,
            0.0019175044726580381,
            0.0010000000474974513,
            0.0020000000949949026,
            0.0,
            0.14165490865707397,
            4.0,
            0.07549968361854553,
            0.0,
            0.0,
            0.0,
            0.0,
            0.0
          ],
          "value_bits": [
            1054862172,
            1057970804,
            0,
            1043970183,
            1065353216,
            0,
            0,
            1053609165,
            989549766,
            981668463,
            990057071,
            0,
            1041305084,
            1082130432,
            1033543572,
            0,
            0,
            0,
            0,
            0
          ],
          "raw_words": [
            5,
            3,
            0,
            2,
            1054862172,
            1057970804,
            0,
            1043970183,
            1065353216,
            0,
            0,
            1053609165,
            989549766,
            981668463,
            990057071,
            0,
            1041305084,
            1082130432,
            1033543572,
            0,
            0,
            0,
            0,
            0
          ],
          "key": "hadamard",
          "named_values": {
            "anchor_u": 0.4373425245285034,
            "anchor_v": 0.559973955154419,
            "anchor_orientation": 0.0,
            "radius": 0.18136797845363617,
            "phase_gain": 1.0,
            "shift_u": 0.0,
            "shift_v": 0.0,
            "placement_scale": 0.4000000059604645,
            "control": 0.0019175044726580381,
            "du": 0.0010000000474974513,
            "dv": 0.0020000000949949026,
            "feedback_gain": 0.0,
            "last_mutator_field": 0.14165490865707397,
            "previous_body_handle": 4.0,
            "last_pinion_field": 0.07549968361854553,
            "reserved_0": 0.0,
            "reserved_1": 0.0,
            "reserved_2": 0.0,
            "reserved_3": 0.0,
            "reserved_4": 0.0
          },
          "slot_functions": {
            "body": "hinge_conjugate",
            "field": "disk_expanded",
            "placement": "placement_canonical"
          }
        },
        {
          "ordinal": 1,
          "source_index": 5,
          "body_handle": 9,
          "field_handle": 2,
          "placement_handle": 0,
          "generation": 2,
          "values": [
            0.6440627574920654,
            0.4097887873649597,
            0.0,
            0.18048137426376343,
            1.0,
            0.0,
            0.0,
            0.4000000059604645,
            0.002376534976065159,
            0.0010000000474974513,
            0.0020000000949949026,
            0.0,
            0.29488107562065125,
            8.0,
            -0.1800525188446045,
            0.0,
            0.0,
            0.0,
            0.0,
            0.0
          ],
          "value_bits": [
            1059381580,
            1053937622,
            0,
            1043910684,
            1065353216,
            0,
            0,
            1053609165,
            991674276,
            981668463,
            990057071,
            0,
            1050081959,
            1090519040,
            3191365552,
            0,
            0,
            0,
            0,
            0
          ],
          "raw_words": [
            9,
            2,
            0,
            2,
            1059381580,
            1053937622,
            0,
            1043910684,
            1065353216,
            0,
            0,
            1053609165,
            991674276,
            981668463,
            990057071,
            0,
            1050081959,
            1090519040,
            3191365552,
            0,
            0,
            0,
            0,
            0
          ],
          "key": "pinion",
          "named_values": {
            "anchor_u": 0.6440627574920654,
            "anchor_v": 0.4097887873649597,
            "anchor_orientation": 0.0,
            "radius": 0.18048137426376343,
            "phase_gain": 1.0,
            "shift_u": 0.0,
            "shift_v": 0.0,
            "placement_scale": 0.4000000059604645,
            "control": 0.002376534976065159,
            "du": 0.0010000000474974513,
            "dv": 0.0020000000949949026,
            "feedback_gain": 0.0,
            "last_mutator_field": 0.29488107562065125,
            "previous_body_handle": 8.0,
            "last_pinion_field": -0.1800525188446045,
            "reserved_0": 0.0,
            "reserved_1": 0.0,
            "reserved_2": 0.0,
            "reserved_3": 0.0,
            "reserved_4": 0.0
          },
          "slot_functions": {
            "body": "pinion_reverse",
            "field": "disk",
            "placement": "placement_canonical"
          }
        },
        {
          "ordinal": 2,
          "source_index": 30,
          "body_handle": 7,
          "field_handle": 2,
          "placement_handle": 0,
          "generation": 2,
          "values": [
            0.11883986741304398,
            0.601942777633667,
            0.0,
            0.1798146367073059,
            1.0,
            0.0,
            0.0,
            0.4000000059604645,
            0.0009533448610454798,
            0.0010000000474974513,
            0.0020000000949949026,
            0.0,
            -0.17971885204315186,
            7.0,
            0.2945474088191986,
            0.0,
            0.0,
            0.0,
            0.0,
            0.0
          ],
          "value_bits": [
            1039360593,
            1058674924,
            0,
            1043865940,
            1065353216,
            0,
            0,
            1053609165,
            981068260,
            981668463,
            990057071,
            0,
            3191343160,
            1088421888,
            1050070763,
            0,
            0,
            0,
            0,
            0
          ],
          "raw_words": [
            7,
            2,
            0,
            2,
            1039360593,
            1058674924,
            0,
            1043865940,
            1065353216,
            0,
            0,
            1053609165,
            981068260,
            981668463,
            990057071,
            0,
            3191343160,
            1088421888,
            1050070763,
            0,
            0,
            0,
            0,
            0
          ],
          "key": "mutation",
          "named_values": {
            "anchor_u": 0.11883986741304398,
            "anchor_v": 0.601942777633667,
            "anchor_orientation": 0.0,
            "radius": 0.1798146367073059,
            "phase_gain": 1.0,
            "shift_u": 0.0,
            "shift_v": 0.0,
            "placement_scale": 0.4000000059604645,
            "control": 0.0009533448610454798,
            "du": 0.0010000000474974513,
            "dv": 0.0020000000949949026,
            "feedback_gain": 0.0,
            "last_mutator_field": -0.17971885204315186,
            "previous_body_handle": 7.0,
            "last_pinion_field": 0.2945474088191986,
            "reserved_0": 0.0,
            "reserved_1": 0.0,
            "reserved_2": 0.0,
            "reserved_3": 0.0,
            "reserved_4": 0.0
          },
          "slot_functions": {
            "body": "mutation_successor",
            "field": "disk",
            "placement": "placement_canonical"
          }
        }
      ],
      "named_state": {
        "u": 0.5037736892700195,
        "v": 0.12503878772258759,
        "orientation": 0.0,
        "ar": 0.503577470779419,
        "ai": 0.2612939774990082,
        "br": -0.25357747077941895,
        "bi": 0.48870596289634705,
        "phase": 0.3798559904098511,
        "dt": 0.125,
        "jitter": 0.0,
        "previous_ar": 0.5011609792709351,
        "previous_ai": 0.49646154046058655,
        "previous_br": -0.25116094946861267,
        "previous_bi": 0.25353842973709106,
        "surface_u": 0.5018808245658875,
        "surface_v": 0.12560731172561646
      }
    }
  ],
  "sha256": "e7f72205ff0a95ac08705a1046d51a76a40aa6ffb6ddfd7cde7a0a5d5bb53565",
  "state_names": [
    "u",
    "v",
    "orientation",
    "ar",
    "ai",
    "br",
    "bi",
    "phase",
    "dt",
    "jitter",
    "previous_ar",
    "previous_ai",
    "previous_br",
    "previous_bi",
    "surface_u",
    "surface_v"
  ],
  "record_value_names": [
    "anchor_u",
    "anchor_v",
    "anchor_orientation",
    "radius",
    "phase_gain",
    "shift_u",
    "shift_v",
    "placement_scale",
    "control",
    "du",
    "dv",
    "feedback_gain",
    "last_mutator_field",
    "previous_body_handle",
    "last_pinion_field",
    "reserved_0",
    "reserved_1",
    "reserved_2",
    "reserved_3",
    "reserved_4"
  ],
  "raw_word_policy": "All integer headers, handles, generations, FP32 bit patterns, bank words and plans are retained without conversion to symbolic hashes."
}
